tag,anger,anticipation,disgust,fear,joy,sadness,surprise,trust,emotion_vector
happy,0.0,1.0,0.0,0.0,1.0,0.0,0.0,1.0,0.0 1.0 0.0 0.0 1.0 0.0 0.0 1.0
feel good,0.0,1.0,0.0,0.0,1.0,0.0,0.0,0.0,0.0 1.0 0.0 0.0 1.0 0.0 0.0 0.0
special feeling,0.0,0.0,0.0,0.0,1.0,0.0,0.0,0.0,0.0 0.0 0.0 0.0 1.0 0.0 0.0 0.0
heroes,0.0,0.0,0.0,0.0,1.0,0.0,1.0,1.0,0.0 0.0 0.0 0.0 1.0 0.0 1.0 1.0
elegant,0.0,0.0,0.0,0.0,1.0,0.0,0.0,0.0,0.0 0.0 0.0 0.0 1.0 0.0 0.0 0.0
powerful,1.0,1.0,1.0,1.0,1.0,0.0,0.0,1.0,1.0 1.0 1.0 1.0 1.0 0.0 0.0 1.0
optimistic,0.0,0.0,0.0,0.0,0.0,0.0,0.0,1.0,0.0 0.0 0.0 0.0 0.0 0.0 0.0 1.0
awesomeness,0.0,0.0,0.0,0.0,1.0,0.0,0.0,0.0,0.0 0.0 0.0 0.0 1.0 0.0 0.0 0.0
my baby loves me,0.0,0.0,0.0,0.0,1.0,0.0,0.0,0.0,0.0 0.0 0.0 0.0 1.0 0.0 0.0 0.0
jazzy fun,0.0,1.0,0.0,0.0,1.0,0.0,0.0,0.0,0.0 1.0 0.0 0.0 1.0 0.0 0.0 0.0
soulful,0.0,0.0,0.0,0.0,0.0,1.0,0.0,0.0,0.0 0.0 0.0 0.0 0.0 1.0 0.0 0.0
high energy,0.0,0.0,0.0,0.0,0.0,0.0,1.0,0.0,0.0 0.0 0.0 0.0 0.0 0.0 1.0 0.0
good morning,0.0,0.0,0.0,0.0,0.0,0.0,1.0,0.0,0.0 0.0 0.0 0.0 0.0 0.0 1.0 0.0
success,0.0,1.0,0.0,0.0,1.0,0.0,0.0,0.0,0.0 1.0 0.0 0.0 1.0 0.0 0.0 0.0
wholesome fun,0.0,0.0,0.0,0.0,1.0,0.0,0.0,0.0,0.0 0.0 0.0 0.0 1.0 0.0 0.0 0.0
playground love,0.0,1.0,0.0,0.0,1.0,0.0,1.0,1.0,0.0 1.0 0.0 0.0 1.0 0.0 1.0 1.0
feeling good,0.0,1.0,0.0,0.0,1.0,0.0,0.0,0.0,0.0 1.0 0.0 0.0 1.0 0.0 0.0 0.0
joyous,0.0,0.0,0.0,0.0,1.0,0.0,0.0,0.0,0.0 0.0 0.0 0.0 1.0 0.0 0.0 0.0
fun stuff,0.0,1.0,0.0,0.0,1.0,0.0,0.0,0.0,0.0 1.0 0.0 0.0 1.0 0.0 0.0 0.0
happiness,0.0,1.0,0.0,0.0,1.0,0.0,0.0,0.0,0.0 1.0 0.0 0.0 1.0 0.0 0.0 0.0
love fun,0.0,1.0,0.0,0.0,1.0,0.0,0.0,0.0,0.0 1.0 0.0 0.0 1.0 0.0 0.0 0.0
scummy,0.0,0.0,1.0,0.0,0.0,0.0,0.0,0.0,0.0 0.0 1.0 0.0 0.0 0.0 0.0 0.0
smooth soul,0.0,0.0,1.0,1.0,0.0,1.0,0.0,0.0,0.0 0.0 1.0 1.0 0.0 1.0 0.0 0.0
sun is shining,0.0,1.0,0.0,0.0,1.0,0.0,0.0,0.0,0.0 1.0 0.0 0.0 1.0 0.0 0.0 0.0
sunshine,0.0,0.0,0.0,0.0,1.0,0.0,0.0,0.0,0.0 0.0 0.0 0.0 1.0 0.0 0.0 0.0
broken heart,0.0,0.0,0.0,0.0,0.0,1.0,0.0,0.0,0.0 0.0 0.0 0.0 0.0 1.0 0.0 0.0
get happy,0.0,0.0,0.0,0.0,1.0,0.0,0.0,0.0,0.0 0.0 0.0 0.0 1.0 0.0 0.0 0.0
rainbows,0.0,0.0,0.0,0.0,1.0,0.0,0.0,0.0,0.0 0.0 0.0 0.0 1.0 0.0 0.0 0.0
in love,0.0,0.0,0.0,0.0,1.0,0.0,0.0,0.0,0.0 0.0 0.0 0.0 1.0 0.0 0.0 0.0
peaceful,0.0,1.0,0.0,0.0,1.0,0.0,1.0,1.0,0.0 1.0 0.0 0.0 1.0 0.0 1.0 1.0
morning vibes,0.0,1.0,0.0,0.0,0.0,0.0,0.0,0.0,0.0 1.0 0.0 0.0 0.0 0.0 0.0 0.0
consoling and beautiful,0.0,0.0,0.0,0.0,0.0,1.0,0.0,0.0,0.0 0.0 0.0 0.0 0.0 1.0 0.0 0.0
funky jazzy breaks,0.0,0.0,0.0,0.0,0.0,0.0,1.0,0.0,0.0 0.0 0.0 0.0 0.0 0.0 1.0 0.0
positive vibes,0.0,1.0,0.0,0.0,1.0,0.0,0.0,0.0,0.0 1.0 0.0 0.0 1.0 0.0 0.0 0.0
smile,0.0,0.0,0.0,0.0,1.0,0.0,1.0,1.0,0.0 0.0 0.0 0.0 1.0 0.0 1.0 1.0
jubilant,0.0,0.0,0.0,0.0,1.0,0.0,1.0,1.0,0.0 0.0 0.0 0.0 1.0 0.0 1.0 1.0
exciting,0.0,1.0,0.0,0.0,1.0,0.0,1.0,0.0,0.0 1.0 0.0 0.0 1.0 0.0 1.0 0.0
true love,0.0,0.0,0.0,0.0,1.0,0.0,0.0,1.0,0.0 0.0 0.0 0.0 1.0 0.0 0.0 1.0
beauty,0.0,0.0,0.0,0.0,1.0,0.0,0.0,0.0,0.0 0.0 0.0 0.0 1.0 0.0 0.0 0.0
happy days,0.0,1.0,0.0,0.0,1.0,0.0,0.0,1.0,0.0 1.0 0.0 0.0 1.0 0.0 0.0 1.0
lovely love,0.0,0.0,0.0,0.0,1.0,0.0,0.0,1.0,0.0 0.0 0.0 0.0 1.0 0.0 0.0 1.0
all about love,0.0,0.0,0.0,0.0,1.0,0.0,0.0,1.0,0.0 0.0 0.0 0.0 1.0 0.0 0.0 1.0
good humor,0.0,0.0,0.0,0.0,1.0,0.0,0.0,0.0,0.0 0.0 0.0 0.0 1.0 0.0 0.0 0.0
stepping strong,0.0,0.0,0.0,0.0,0.0,0.0,0.0,1.0,0.0 0.0 0.0 0.0 0.0 0.0 0.0 1.0
angry at the world,1.0,0.0,0.0,0.0,0.0,0.0,0.0,0.0,1.0 0.0 0.0 0.0 0.0 0.0 0.0 0.0
heartwarming,0.0,0.0,1.0,1.0,0.0,1.0,0.0,0.0,0.0 0.0 1.0 1.0 0.0 1.0 0.0 0.0
red shoes ecstasy,0.0,1.0,0.0,0.0,1.0,0.0,0.0,0.0,0.0 1.0 0.0 0.0 1.0 0.0 0.0 0.0
love making,0.0,0.0,0.0,0.0,1.0,0.0,0.0,1.0,0.0 0.0 0.0 0.0 1.0 0.0 0.0 1.0
slow and sexy,0.0,0.0,0.0,0.0,0.0,0.0,1.0,0.0,0.0 0.0 0.0 0.0 0.0 0.0 1.0 0.0
cheer up,0.0,0.0,0.0,0.0,0.0,1.0,0.0,0.0,0.0 0.0 0.0 0.0 0.0 1.0 0.0 0.0
simply sweet,0.0,1.0,0.0,0.0,1.0,0.0,0.0,0.0,0.0 1.0 0.0 0.0 1.0 0.0 0.0 0.0
happy songs,0.0,1.0,0.0,0.0,1.0,0.0,0.0,1.0,0.0 1.0 0.0 0.0 1.0 0.0 0.0 1.0
miserable,1.0,0.0,1.0,0.0,0.0,1.0,0.0,0.0,1.0 0.0 1.0 0.0 0.0 1.0 0.0 0.0
praise,0.0,0.0,0.0,0.0,1.0,0.0,0.0,1.0,0.0 0.0 0.0 0.0 1.0 0.0 0.0 1.0
worshipful praise,0.0,0.0,0.0,0.0,1.0,0.0,0.0,1.0,0.0 0.0 0.0 0.0 1.0 0.0 0.0 1.0
relaxing vibes,0.0,0.0,0.0,0.0,1.0,0.0,0.0,0.0,0.0 0.0 0.0 0.0 1.0 0.0 0.0 0.0
joyful,0.0,0.0,0.0,0.0,1.0,0.0,0.0,1.0,0.0 0.0 0.0 0.0 1.0 0.0 0.0 1.0
falling in love all over again,0.0,1.0,0.0,1.0,1.0,0.0,1.0,0.0,0.0 1.0 0.0 1.0 1.0 0.0 1.0 0.0
reason is treason,1.0,0.0,0.0,1.0,0.0,0.0,0.0,0.0,1.0 0.0 0.0 1.0 0.0 0.0 0.0 0.0
smiles,0.0,0.0,0.0,0.0,1.0,0.0,0.0,0.0,0.0 0.0 0.0 0.0 1.0 0.0 0.0 0.0
astonishing,0.0,0.0,0.0,0.0,0.0,0.0,1.0,0.0,0.0 0.0 0.0 0.0 0.0 0.0 1.0 0.0
sweet soul,0.0,0.0,1.0,1.0,0.0,1.0,0.0,0.0,0.0 0.0 1.0 1.0 0.0 1.0 0.0 0.0
upbeat fun,0.0,1.0,0.0,0.0,1.0,0.0,0.0,0.0,0.0 1.0 0.0 0.0 1.0 0.0 0.0 0.0
angelic,0.0,0.0,0.0,0.0,1.0,0.0,0.0,1.0,0.0 0.0 0.0 0.0 1.0 0.0 0.0 1.0
where happiness lives,0.0,0.0,0.0,0.0,1.0,0.0,0.0,0.0,0.0 0.0 0.0 0.0 1.0 0.0 0.0 0.0
dreamy sun,0.0,1.0,0.0,0.0,1.0,0.0,0.0,0.0,0.0 1.0 0.0 0.0 1.0 0.0 0.0 0.0
nothing hurts like this does,1.0,0.0,0.0,1.0,0.0,1.0,0.0,0.0,1.0 0.0 0.0 1.0 0.0 1.0 0.0 0.0
heart filled,0.0,0.0,0.0,0.0,0.0,1.0,0.0,0.0,0.0 0.0 0.0 0.0 0.0 1.0 0.0 0.0
makes me dance,0.0,0.0,0.0,0.0,1.0,0.0,0.0,1.0,0.0 0.0 0.0 0.0 1.0 0.0 0.0 1.0
murder ballads,0.0,0.0,0.0,1.0,0.0,0.0,0.0,0.0,0.0 0.0 0.0 1.0 0.0 0.0 0.0 0.0
pleasant,0.0,1.0,0.0,0.0,1.0,0.0,1.0,1.0,0.0 1.0 0.0 0.0 1.0 0.0 1.0 1.0
good for mood,0.0,0.0,0.0,0.0,1.0,0.0,0.0,1.0,0.0 0.0 0.0 0.0 1.0 0.0 0.0 1.0
soulful christmas,0.0,0.0,0.0,0.0,1.0,0.0,0.0,0.0,0.0 0.0 0.0 0.0 1.0 0.0 0.0 0.0
beautiful and magical,0.0,1.0,0.0,0.0,1.0,0.0,0.0,0.0,0.0 1.0 0.0 0.0 1.0 0.0 0.0 0.0
sleep well,0.0,0.0,0.0,0.0,1.0,0.0,0.0,0.0,0.0 0.0 0.0 0.0 1.0 0.0 0.0 0.0
make me wanna scream,1.0,0.0,0.0,1.0,0.0,1.0,1.0,0.0,1.0 0.0 0.0 1.0 0.0 1.0 1.0 0.0
funky love,0.0,0.0,0.0,0.0,1.0,0.0,0.0,0.0,0.0 0.0 0.0 0.0 1.0 0.0 0.0 0.0
let's love,0.0,0.0,0.0,0.0,1.0,0.0,0.0,1.0,0.0 0.0 0.0 0.0 1.0 0.0 0.0 1.0
glam love,0.0,0.0,0.0,0.0,1.0,0.0,0.0,0.0,0.0 0.0 0.0 0.0 1.0 0.0 0.0 0.0
good mornings,0.0,0.0,0.0,0.0,0.0,0.0,1.0,0.0,0.0 0.0 0.0 0.0 0.0 0.0 1.0 0.0
the glamorous life,0.0,0.0,0.0,0.0,1.0,0.0,0.0,0.0,0.0 0.0 0.0 0.0 1.0 0.0 0.0 0.0
cheerful,0.0,0.0,0.0,0.0,1.0,0.0,1.0,0.0,0.0 0.0 0.0 0.0 1.0 0.0 1.0 0.0
it's alright baby,0.0,0.0,0.0,0.0,0.0,1.0,0.0,1.0,0.0 0.0 0.0 0.0 0.0 1.0 0.0 1.0
love romantic delicate,0.0,0.0,0.0,0.0,1.0,0.0,0.0,0.0,0.0 0.0 0.0 0.0 1.0 0.0 0.0 0.0
mood sad but not sorry,0.0,0.0,0.0,0.0,0.0,1.0,0.0,0.0,0.0 0.0 0.0 0.0 0.0 1.0 0.0 0.0
sweet love,0.0,0.0,0.0,0.0,1.0,0.0,0.0,1.0,0.0 0.0 0.0 0.0 1.0 0.0 0.0 1.0
when promises are broken,0.0,0.0,1.0,0.0,0.0,0.0,0.0,0.0,0.0 0.0 1.0 0.0 0.0 0.0 0.0 0.0
brain damage,0.0,0.0,0.0,0.0,0.0,1.0,0.0,0.0,0.0 0.0 0.0 0.0 0.0 1.0 0.0 0.0
peace love soul,0.0,1.0,0.0,0.0,1.0,0.0,0.0,1.0,0.0 1.0 0.0 0.0 1.0 0.0 0.0 1.0
sadness and the city,0.0,0.0,0.0,1.0,0.0,1.0,0.0,0.0,0.0 0.0 0.0 1.0 0.0 1.0 0.0 0.0
happy together,0.0,1.0,0.0,0.0,1.0,0.0,0.0,0.0,0.0 1.0 0.0 0.0 1.0 0.0 0.0 0.0
something sweet,0.0,1.0,0.0,0.0,1.0,0.0,0.0,0.0,0.0 1.0 0.0 0.0 1.0 0.0 0.0 0.0
sweet and innocent,0.0,0.0,0.0,0.0,1.0,0.0,0.0,0.0,0.0 0.0 0.0 0.0 1.0 0.0 0.0 0.0
summer love,0.0,0.0,0.0,0.0,1.0,0.0,0.0,0.0,0.0 0.0 0.0 0.0 1.0 0.0 0.0 0.0
with love,0.0,0.0,0.0,0.0,1.0,0.0,0.0,0.0,0.0 0.0 0.0 0.0 1.0 0.0 0.0 0.0
self-esteem boost,0.0,1.0,0.0,0.0,1.0,0.0,0.0,1.0,0.0 1.0 0.0 0.0 1.0 0.0 0.0 1.0
province of joy,0.0,0.0,0.0,0.0,1.0,0.0,0.0,0.0,0.0 0.0 0.0 0.0 1.0 0.0 0.0 0.0
hell on earth,1.0,0.0,1.0,1.0,0.0,1.0,0.0,0.0,1.0 0.0 1.0 1.0 0.0 1.0 0.0 0.0
cursed fear,0.0,0.0,0.0,1.0,0.0,0.0,0.0,0.0,0.0 0.0 0.0 1.0 0.0 0.0 0.0 0.0
happy dance,0.0,0.0,0.0,0.0,1.0,0.0,0.0,1.0,0.0 0.0 0.0 0.0 1.0 0.0 0.0 1.0
sad words,0.0,0.0,0.0,0.0,0.0,1.0,0.0,1.0,0.0 0.0 0.0 0.0 0.0 1.0 0.0 1.0
devastating,1.0,0.0,1.0,1.0,0.0,1.0,0.0,1.0,1.0 0.0 1.0 1.0 0.0 1.0 0.0 1.0
feels like home,0.0,0.0,0.0,0.0,0.0,1.0,0.0,0.0,0.0 0.0 0.0 0.0 0.0 1.0 0.0 0.0
i'm so excited,0.0,1.0,0.0,0.0,1.0,0.0,1.0,1.0,0.0 1.0 0.0 0.0 1.0 0.0 1.0 1.0
nasty nasty,0.0,0.0,1.0,0.0,0.0,0.0,0.0,0.0,0.0 0.0 1.0 0.0 0.0 0.0 0.0 0.0
excite,1.0,1.0,0.0,1.0,1.0,0.0,1.0,0.0,1.0 1.0 0.0 1.0 1.0 0.0 1.0 0.0
good morning mood,0.0,0.0,0.0,0.0,1.0,0.0,1.0,0.0,0.0 0.0 0.0 0.0 1.0 0.0 1.0 0.0
awful,1.0,0.0,1.0,1.0,0.0,1.0,0.0,0.0,1.0 0.0 1.0 1.0 0.0 1.0 0.0 0.0
unexpected feel good,0.0,1.0,0.0,0.0,1.0,0.0,0.0,0.0,0.0 1.0 0.0 0.0 1.0 0.0 0.0 0.0
good energy,0.0,0.0,0.0,0.0,1.0,0.0,0.0,0.0,0.0 0.0 0.0 0.0 1.0 0.0 0.0 0.0
pure joy,0.0,0.0,0.0,0.0,1.0,0.0,0.0,0.0,0.0 0.0 0.0 0.0 1.0 0.0 0.0 0.0
christmas fun,0.0,1.0,0.0,0.0,1.0,0.0,0.0,0.0,0.0 1.0 0.0 0.0 1.0 0.0 0.0 0.0
not safe for work,0.0,0.0,0.0,1.0,0.0,0.0,0.0,0.0,0.0 0.0 0.0 1.0 0.0 0.0 0.0 0.0
swearing is cool,1.0,0.0,1.0,0.0,0.0,0.0,0.0,0.0,1.0 0.0 1.0 0.0 0.0 0.0 0.0 0.0
sad as hell,0.0,0.0,0.0,0.0,0.0,1.0,0.0,0.0,0.0 0.0 0.0 0.0 0.0 1.0 0.0 0.0
the word love,0.0,0.0,0.0,0.0,1.0,0.0,0.0,0.0,0.0 0.0 0.0 0.0 1.0 0.0 0.0 0.0
loving you,0.0,0.0,0.0,0.0,1.0,0.0,0.0,1.0,0.0 0.0 0.0 0.0 1.0 0.0 0.0 1.0
my girl,0.0,1.0,0.0,0.0,1.0,1.0,0.0,1.0,0.0 1.0 0.0 0.0 1.0 1.0 0.0 1.0
special love,0.0,0.0,0.0,0.0,1.0,0.0,0.0,0.0,0.0 0.0 0.0 0.0 1.0 0.0 0.0 0.0
sweet perfection,0.0,1.0,0.0,0.0,1.0,0.0,0.0,1.0,0.0 1.0 0.0 0.0 1.0 0.0 0.0 1.0
let me make you happy,0.0,1.0,0.0,0.0,1.0,0.0,0.0,0.0,0.0 1.0 0.0 0.0 1.0 0.0 0.0 0.0
the ghetto,0.0,0.0,1.0,0.0,0.0,0.0,0.0,0.0,0.0 0.0 1.0 0.0 0.0 0.0 0.0 0.0
painful,1.0,0.0,1.0,1.0,0.0,1.0,0.0,0.0,1.0 0.0 1.0 1.0 0.0 1.0 0.0 0.0
fun to play,0.0,1.0,0.0,0.0,1.0,0.0,0.0,0.0,0.0 1.0 0.0 0.0 1.0 0.0 0.0 0.0
optimism,0.0,1.0,0.0,0.0,1.0,0.0,1.0,1.0,0.0 1.0 0.0 0.0 1.0 0.0 1.0 1.0
beautifully painful,0.0,0.0,0.0,1.0,0.0,1.0,0.0,0.0,0.0 0.0 0.0 1.0 0.0 1.0 0.0 0.0
deep and meaningful,0.0,0.0,0.0,0.0,0.0,0.0,0.0,1.0,0.0 0.0 0.0 0.0 0.0 0.0 0.0 1.0
summer fun,0.0,1.0,0.0,0.0,1.0,0.0,0.0,0.0,0.0 1.0 0.0 0.0 1.0 0.0 0.0 0.0
perfectly sad,0.0,0.0,0.0,0.0,0.0,1.0,0.0,0.0,0.0 0.0 0.0 0.0 0.0 1.0 0.0 0.0
love me,0.0,0.0,0.0,0.0,1.0,0.0,0.0,0.0,0.0 0.0 0.0 0.0 1.0 0.0 0.0 0.0
love again,0.0,1.0,0.0,1.0,1.0,0.0,1.0,0.0,0.0 1.0 0.0 1.0 1.0 0.0 1.0 0.0
feel good goodies,0.0,1.0,0.0,0.0,1.0,0.0,0.0,0.0,0.0 1.0 0.0 0.0 1.0 0.0 0.0 0.0
hottie,1.0,0.0,0.0,0.0,0.0,0.0,0.0,0.0,1.0 0.0 0.0 0.0 0.0 0.0 0.0 0.0
life is good,0.0,1.0,0.0,0.0,1.0,0.0,0.0,1.0,0.0 1.0 0.0 0.0 1.0 0.0 0.0 1.0
oh love,0.0,0.0,0.0,0.0,1.0,0.0,0.0,0.0,0.0 0.0 0.0 0.0 1.0 0.0 0.0 0.0
jazzy fat nasty,0.0,0.0,1.0,0.0,0.0,1.0,0.0,0.0,0.0 0.0 1.0 0.0 0.0 1.0 0.0 0.0
flawless,0.0,0.0,0.0,0.0,1.0,0.0,0.0,0.0,0.0 0.0 0.0 0.0 1.0 0.0 0.0 0.0
old good wave,0.0,0.0,0.0,1.0,0.0,0.0,0.0,0.0,0.0 0.0 0.0 1.0 0.0 0.0 0.0 0.0
love you,0.0,0.0,0.0,0.0,1.0,0.0,0.0,0.0,0.0 0.0 0.0 0.0 1.0 0.0 0.0 0.0
too violent for me,1.0,0.0,0.0,1.0,0.0,0.0,0.0,0.0,1.0 0.0 0.0 1.0 0.0 0.0 0.0 0.0
cool trip,0.0,0.0,0.0,0.0,0.0,0.0,1.0,0.0,0.0 0.0 0.0 0.0 0.0 0.0 1.0 0.0
lethal weapons,1.0,0.0,0.0,1.0,0.0,0.0,0.0,0.0,1.0 0.0 0.0 1.0 0.0 0.0 0.0 0.0
feel so in love,0.0,0.0,0.0,0.0,1.0,0.0,0.0,0.0,0.0 0.0 0.0 0.0 1.0 0.0 0.0 0.0
confident vibes,0.0,0.0,0.0,0.0,1.0,0.0,0.0,1.0,0.0 0.0 0.0 0.0 1.0 0.0 0.0 1.0
broken hearted,0.0,0.0,0.0,0.0,0.0,1.0,0.0,0.0,0.0 0.0 0.0 0.0 0.0 1.0 0.0 0.0
makes me happier,0.0,1.0,0.0,0.0,1.0,0.0,0.0,1.0,0.0 1.0 0.0 0.0 1.0 0.0 0.0 1.0
glorious,0.0,1.0,0.0,0.0,1.0,0.0,1.0,0.0,0.0 1.0 0.0 0.0 1.0 0.0 1.0 0.0
exuberant,0.0,0.0,0.0,0.0,1.0,0.0,1.0,0.0,0.0 0.0 0.0 0.0 1.0 0.0 1.0 0.0
transphobia,1.0,0.0,0.0,1.0,0.0,0.0,0.0,0.0,1.0 0.0 0.0 1.0 0.0 0.0 0.0 0.0
happy love,0.0,0.0,0.0,0.0,1.0,0.0,0.0,1.0,0.0 0.0 0.0 0.0 1.0 0.0 0.0 1.0
my optimist,0.0,0.0,0.0,0.0,0.0,0.0,0.0,1.0,0.0 0.0 0.0 0.0 0.0 0.0 0.0 1.0
excitement,0.0,1.0,0.0,0.0,1.0,0.0,1.0,0.0,0.0 1.0 0.0 0.0 1.0 0.0 1.0 0.0
ass kicker,1.0,0.0,0.0,0.0,0.0,0.0,0.0,0.0,1.0 0.0 0.0 0.0 0.0 0.0 0.0 0.0
scaremongering,1.0,0.0,0.0,1.0,0.0,0.0,0.0,0.0,1.0 0.0 0.0 1.0 0.0 0.0 0.0 0.0
happy feelings,0.0,1.0,0.0,0.0,1.0,0.0,0.0,0.0,0.0 1.0 0.0 0.0 1.0 0.0 0.0 0.0
love fats,0.0,0.0,1.0,0.0,0.0,1.0,0.0,0.0,0.0 0.0 1.0 0.0 0.0 1.0 0.0 0.0
something romantic,0.0,1.0,0.0,0.0,1.0,0.0,0.0,1.0,0.0 1.0 0.0 0.0 1.0 0.0 0.0 1.0
confidence boost,0.0,0.0,0.0,1.0,1.0,0.0,0.0,1.0,0.0 0.0 0.0 1.0 1.0 0.0 0.0 1.0
blessings men,0.0,1.0,0.0,0.0,1.0,0.0,0.0,1.0,0.0 1.0 0.0 0.0 1.0 0.0 0.0 1.0
grown and sexy,0.0,1.0,0.0,0.0,1.0,0.0,0.0,0.0,0.0 1.0 0.0 0.0 1.0 0.0 0.0 0.0
happy times,0.0,0.0,0.0,0.0,1.0,0.0,0.0,0.0,0.0 0.0 0.0 0.0 1.0 0.0 0.0 0.0
completely in love with,0.0,0.0,0.0,0.0,1.0,0.0,0.0,0.0,0.0 0.0 0.0 0.0 1.0 0.0 0.0 0.0
love love,0.0,0.0,0.0,0.0,1.0,0.0,0.0,1.0,0.0 0.0 0.0 0.0 1.0 0.0 0.0 1.0
happy birthday,0.0,1.0,0.0,0.0,1.0,0.0,1.0,0.0,0.0 1.0 0.0 0.0 1.0 0.0 1.0 0.0
oh yeah baby,0.0,0.0,0.0,0.0,1.0,0.0,0.0,0.0,0.0 0.0 0.0 0.0 1.0 0.0 0.0 0.0
feel good vibes,0.0,1.0,0.0,0.0,1.0,0.0,0.0,1.0,0.0 1.0 0.0 0.0 1.0 0.0 0.0 1.0
pain in my heart,0.0,0.0,0.0,1.0,0.0,1.0,0.0,0.0,0.0 0.0 0.0 1.0 0.0 1.0 0.0 0.0
sad maniac,1.0,0.0,0.0,1.0,0.0,0.0,0.0,0.0,1.0 0.0 0.0 1.0 0.0 0.0 0.0 0.0
upbeat good times,0.0,1.0,0.0,0.0,1.0,0.0,0.0,0.0,0.0 1.0 0.0 0.0 1.0 0.0 0.0 0.0
all hope is gone,0.0,0.0,0.0,1.0,0.0,1.0,0.0,0.0,0.0 0.0 0.0 1.0 0.0 1.0 0.0 0.0
very danceable,0.0,0.0,0.0,0.0,1.0,0.0,0.0,1.0,0.0 0.0 0.0 0.0 1.0 0.0 0.0 1.0
breaking up is hard to do,0.0,0.0,0.0,0.0,0.0,1.0,0.0,0.0,0.0 0.0 0.0 0.0 0.0 1.0 0.0 0.0
the infinite sadness,0.0,0.0,0.0,1.0,0.0,1.0,0.0,0.0,0.0 0.0 0.0 1.0 0.0 1.0 0.0 0.0
excited,0.0,1.0,0.0,0.0,1.0,0.0,1.0,1.0,0.0 1.0 0.0 0.0 1.0 0.0 1.0 1.0
negative vibes,1.0,0.0,0.0,1.0,0.0,1.0,0.0,0.0,1.0 0.0 0.0 1.0 0.0 1.0 0.0 0.0
cool mood blue,0.0,0.0,0.0,0.0,0.0,1.0,0.0,0.0,0.0 0.0 0.0 0.0 0.0 1.0 0.0 0.0
delight,0.0,1.0,0.0,0.0,1.0,0.0,0.0,0.0,0.0 1.0 0.0 0.0 1.0 0.0 0.0 0.0
toxic crow,1.0,0.0,1.0,1.0,0.0,0.0,0.0,0.0,1.0 0.0 1.0 1.0 0.0 0.0 0.0 0.0
sunny morning,0.0,1.0,0.0,0.0,0.0,0.0,0.0,0.0,0.0 1.0 0.0 0.0 0.0 0.0 0.0 0.0
beautiful and soulful,0.0,0.0,0.0,0.0,1.0,0.0,0.0,1.0,0.0 0.0 0.0 0.0 1.0 0.0 0.0 1.0
disappointment,0.0,0.0,1.0,0.0,0.0,1.0,0.0,0.0,0.0 0.0 1.0 0.0 0.0 1.0 0.0 0.0
optimist,0.0,0.0,0.0,0.0,0.0,0.0,0.0,1.0,0.0 0.0 0.0 0.0 0.0 0.0 0.0 1.0
good for thought,0.0,1.0,0.0,0.0,0.0,0.0,0.0,0.0,0.0 1.0 0.0 0.0 0.0 0.0 0.0 0.0
delightfully evil,1.0,0.0,1.0,1.0,0.0,0.0,0.0,0.0,1.0 0.0 1.0 1.0 0.0 0.0 0.0 0.0
happy retirement mix,0.0,1.0,0.0,1.0,1.0,1.0,0.0,1.0,0.0 1.0 0.0 1.0 1.0 1.0 0.0 1.0
jump for my love,0.0,0.0,0.0,0.0,1.0,0.0,0.0,0.0,0.0 0.0 0.0 0.0 1.0 0.0 0.0 0.0
keep hope alive,0.0,1.0,0.0,0.0,1.0,0.0,1.0,1.0,0.0 1.0 0.0 0.0 1.0 0.0 1.0 1.0
bittersweet moments,0.0,0.0,0.0,0.0,0.0,1.0,0.0,0.0,0.0 0.0 0.0 0.0 0.0 1.0 0.0 0.0
beautiful depressive songs,0.0,0.0,0.0,0.0,0.0,1.0,0.0,0.0,0.0 0.0 0.0 0.0 0.0 1.0 0.0 0.0
young love,0.0,1.0,0.0,1.0,1.0,0.0,1.0,0.0,0.0 1.0 0.0 1.0 1.0 0.0 1.0 0.0
tired of being alone,1.0,0.0,1.0,1.0,0.0,1.0,0.0,0.0,1.0 0.0 1.0 1.0 0.0 1.0 0.0 0.0
sad emotive solos,0.0,0.0,0.0,0.0,0.0,1.0,0.0,0.0,0.0 0.0 0.0 0.0 0.0 1.0 0.0 0.0
happy christmas,0.0,0.0,0.0,0.0,1.0,0.0,0.0,0.0,0.0 0.0 0.0 0.0 1.0 0.0 0.0 0.0
sweet stuff,0.0,1.0,0.0,0.0,1.0,0.0,0.0,0.0,0.0 1.0 0.0 0.0 1.0 0.0 0.0 0.0
what are you so afraid of,0.0,0.0,0.0,1.0,0.0,0.0,0.0,0.0,0.0 0.0 0.0 1.0 0.0 0.0 0.0 0.0
happy morning,0.0,0.0,0.0,0.0,0.0,0.0,1.0,0.0,0.0 0.0 0.0 0.0 0.0 0.0 1.0 0.0
straight to hell,1.0,0.0,1.0,1.0,0.0,1.0,0.0,0.0,1.0 0.0 1.0 1.0 0.0 1.0 0.0 0.0
sunny days,0.0,1.0,0.0,0.0,1.0,0.0,0.0,0.0,0.0 1.0 0.0 0.0 1.0 0.0 0.0 0.0
unexpected fun,0.0,1.0,0.0,0.0,1.0,0.0,1.0,0.0,0.0 1.0 0.0 0.0 1.0 0.0 1.0 0.0
satan and hell,1.0,0.0,1.0,1.0,0.0,1.0,0.0,0.0,1.0 0.0 1.0 1.0 0.0 1.0 0.0 0.0
great harmony,0.0,0.0,0.0,0.0,1.0,0.0,0.0,1.0,0.0 0.0 0.0 0.0 1.0 0.0 0.0 1.0
painfully fragile,0.0,0.0,0.0,0.0,0.0,1.0,0.0,0.0,0.0 0.0 0.0 0.0 0.0 1.0 0.0 0.0
steady loves,0.0,0.0,0.0,0.0,1.0,0.0,0.0,1.0,0.0 0.0 0.0 0.0 1.0 0.0 0.0 1.0
happy face,0.0,0.0,0.0,0.0,1.0,0.0,0.0,0.0,0.0 0.0 0.0 0.0 1.0 0.0 0.0 0.0
angry depression,0.0,0.0,0.0,0.0,0.0,1.0,0.0,0.0,0.0 0.0 0.0 0.0 0.0 1.0 0.0 0.0
for loving you,0.0,0.0,0.0,0.0,0.0,0.0,0.0,1.0,0.0 0.0 0.0 0.0 0.0 0.0 0.0 1.0
nice and remembering,0.0,0.0,0.0,0.0,1.0,0.0,0.0,0.0,0.0 0.0 0.0 0.0 1.0 0.0 0.0 0.0
terrible lie,0.0,0.0,1.0,0.0,0.0,0.0,0.0,0.0,0.0 0.0 1.0 0.0 0.0 0.0 0.0 0.0
sad and slow,0.0,0.0,0.0,0.0,0.0,1.0,0.0,0.0,0.0 0.0 0.0 0.0 0.0 1.0 0.0 0.0
summertime sunshine,0.0,1.0,0.0,0.0,1.0,0.0,0.0,0.0,0.0 1.0 0.0 0.0 1.0 0.0 0.0 0.0
anger has to go somewhere,1.0,0.0,1.0,0.0,0.0,0.0,0.0,0.0,1.0 0.0 1.0 0.0 0.0 0.0 0.0 0.0
so sweet,0.0,1.0,0.0,0.0,1.0,0.0,0.0,1.0,0.0 1.0 0.0 0.0 1.0 0.0 0.0 1.0
awesome uplifting,0.0,1.0,0.0,0.0,1.0,0.0,0.0,1.0,0.0 1.0 0.0 0.0 1.0 0.0 0.0 1.0
filthy beat,0.0,0.0,1.0,0.0,0.0,0.0,0.0,0.0,0.0 0.0 1.0 0.0 0.0 0.0 0.0 0.0
love is bullshit,0.0,0.0,0.0,0.0,1.0,0.0,0.0,0.0,0.0 0.0 0.0 0.0 1.0 0.0 0.0 0.0
peak mental illness,1.0,0.0,0.0,1.0,0.0,1.0,0.0,0.0,1.0 0.0 0.0 1.0 0.0 1.0 0.0 0.0
when life sucks,1.0,0.0,1.0,1.0,0.0,1.0,0.0,0.0,1.0 0.0 1.0 1.0 0.0 1.0 0.0 0.0
strong sad,0.0,0.0,0.0,0.0,0.0,1.0,0.0,0.0,0.0 0.0 0.0 0.0 0.0 1.0 0.0 0.0
my angry eyes,1.0,0.0,0.0,0.0,0.0,0.0,0.0,0.0,1.0 0.0 0.0 0.0 0.0 0.0 0.0 0.0
love arrives,0.0,1.0,0.0,0.0,0.0,0.0,0.0,0.0,0.0 1.0 0.0 0.0 0.0 0.0 0.0 0.0
love and beauty,0.0,0.0,0.0,0.0,1.0,0.0,0.0,0.0,0.0 0.0 0.0 0.0 1.0 0.0 0.0 0.0
so enchanting,0.0,0.0,0.0,0.0,1.0,0.0,0.0,0.0,0.0 0.0 0.0 0.0 1.0 0.0 0.0 0.0
double pain,0.0,0.0,0.0,1.0,0.0,1.0,0.0,0.0,0.0 0.0 0.0 1.0 0.0 1.0 0.0 0.0
instant joy,0.0,0.0,0.0,0.0,1.0,0.0,0.0,0.0,0.0 0.0 0.0 0.0 1.0 0.0 0.0 0.0
relaxing mood,0.0,0.0,0.0,0.0,1.0,0.0,0.0,1.0,0.0 0.0 0.0 0.0 1.0 0.0 0.0 1.0
so me it scares me,1.0,1.0,0.0,1.0,0.0,0.0,1.0,0.0,1.0 1.0 0.0 1.0 0.0 0.0 1.0 0.0
dangerous afraid and scared,0.0,0.0,0.0,1.0,0.0,0.0,0.0,0.0,0.0 0.0 0.0 1.0 0.0 0.0 0.0 0.0
love season,0.0,0.0,0.0,0.0,1.0,0.0,0.0,0.0,0.0 0.0 0.0 0.0 1.0 0.0 0.0 0.0
sweetheart,0.0,1.0,0.0,0.0,1.0,1.0,0.0,1.0,0.0 1.0 0.0 0.0 1.0 1.0 0.0 1.0
enjoyable,0.0,1.0,0.0,0.0,1.0,0.0,0.0,0.0,0.0 1.0 0.0 0.0 1.0 0.0 0.0 0.0
celebrate,0.0,1.0,0.0,0.0,1.0,0.0,0.0,0.0,0.0 1.0 0.0 0.0 1.0 0.0 0.0 0.0
just want to celebrate,0.0,1.0,0.0,0.0,1.0,0.0,0.0,0.0,0.0 1.0 0.0 0.0 1.0 0.0 0.0 0.0
makes me want to smile,0.0,0.0,0.0,0.0,1.0,0.0,0.0,0.0,0.0 0.0 0.0 0.0 1.0 0.0 0.0 0.0
positive feelings,0.0,1.0,0.0,0.0,1.0,0.0,0.0,0.0,0.0 1.0 0.0 0.0 1.0 0.0 0.0 0.0
imperfect love,0.0,0.0,0.0,0.0,1.0,0.0,0.0,0.0,0.0 0.0 0.0 0.0 1.0 0.0 0.0 0.0
hot and sexy,1.0,0.0,0.0,0.0,0.0,0.0,0.0,0.0,1.0 0.0 0.0 0.0 0.0 0.0 0.0 0.0
bombastic,1.0,0.0,0.0,1.0,0.0,0.0,0.0,0.0,1.0 0.0 0.0 1.0 0.0 0.0 0.0 0.0
keep on loving you,0.0,0.0,0.0,0.0,1.0,0.0,0.0,1.0,0.0 0.0 0.0 0.0 1.0 0.0 0.0 1.0
how romantic,0.0,1.0,0.0,0.0,1.0,0.0,0.0,1.0,0.0 1.0 0.0 0.0 1.0 0.0 0.0 1.0
best powerful,0.0,0.0,0.0,1.0,0.0,0.0,0.0,0.0,0.0 0.0 0.0 1.0 0.0 0.0 0.0 0.0
sappy but awesome,0.0,0.0,0.0,0.0,0.0,0.0,0.0,1.0,0.0 0.0 0.0 0.0 0.0 0.0 0.0 1.0
relaxed vibes,0.0,0.0,0.0,0.0,1.0,0.0,0.0,0.0,0.0 0.0 0.0 0.0 1.0 0.0 0.0 0.0
beautiful joy,0.0,0.0,0.0,0.0,1.0,0.0,0.0,0.0,0.0 0.0 0.0 0.0 1.0 0.0 0.0 0.0
soul hurt,0.0,0.0,0.0,1.0,0.0,1.0,0.0,0.0,0.0 0.0 0.0 1.0 0.0 1.0 0.0 0.0
the worst type of sadness,0.0,0.0,0.0,0.0,0.0,1.0,0.0,0.0,0.0 0.0 0.0 0.0 0.0 1.0 0.0 0.0
homophobia is so inappropriate,1.0,0.0,1.0,0.0,0.0,1.0,0.0,0.0,1.0 0.0 1.0 0.0 0.0 1.0 0.0 0.0
relaxing love,0.0,0.0,0.0,0.0,1.0,0.0,0.0,1.0,0.0 0.0 0.0 0.0 1.0 0.0 0.0 1.0
i'm stone in love with you,1.0,0.0,0.0,0.0,0.0,0.0,0.0,0.0,1.0 0.0 0.0 0.0 0.0 0.0 0.0 0.0
classic feelgood,0.0,0.0,0.0,0.0,1.0,0.0,0.0,1.0,0.0 0.0 0.0 0.0 1.0 0.0 0.0 1.0
so many tears,0.0,0.0,0.0,0.0,0.0,1.0,0.0,0.0,0.0 0.0 0.0 0.0 0.0 1.0 0.0 0.0
tears and sadness,0.0,0.0,0.0,0.0,0.0,1.0,0.0,0.0,0.0 0.0 0.0 0.0 0.0 1.0 0.0 0.0
angry and dark raw,0.0,0.0,0.0,0.0,0.0,1.0,0.0,0.0,0.0 0.0 0.0 0.0 0.0 1.0 0.0 0.0
good night,0.0,1.0,0.0,0.0,0.0,0.0,0.0,0.0,0.0 1.0 0.0 0.0 0.0 0.0 0.0 0.0
fully sick mate,0.0,0.0,1.0,0.0,0.0,1.0,0.0,0.0,0.0 0.0 1.0 0.0 0.0 1.0 0.0 0.0
love is stronger than pride,0.0,0.0,0.0,0.0,1.0,0.0,0.0,0.0,0.0 0.0 0.0 0.0 1.0 0.0 0.0 0.0
just love,0.0,0.0,0.0,0.0,1.0,0.0,0.0,1.0,0.0 0.0 0.0 0.0 1.0 0.0 0.0 1.0
this is very energetic,1.0,0.0,0.0,0.0,0.0,0.0,0.0,0.0,1.0 0.0 0.0 0.0 0.0 0.0 0.0 0.0
powerful emotion,0.0,0.0,0.0,1.0,1.0,1.0,0.0,1.0,0.0 0.0 0.0 1.0 1.0 1.0 0.0 1.0
joyful lady,0.0,0.0,0.0,0.0,1.0,0.0,0.0,0.0,0.0 0.0 0.0 0.0 1.0 0.0 0.0 0.0
great fun,0.0,1.0,0.0,0.0,1.0,0.0,0.0,0.0,0.0 1.0 0.0 0.0 1.0 0.0 0.0 0.0
soulful relaxing,0.0,0.0,0.0,0.0,1.0,0.0,0.0,0.0,0.0 0.0 0.0 0.0 1.0 0.0 0.0 0.0
potentially offensive,1.0,0.0,1.0,0.0,0.0,0.0,0.0,0.0,1.0 0.0 1.0 0.0 0.0 0.0 0.0 0.0
screwed,1.0,0.0,0.0,0.0,0.0,0.0,0.0,0.0,1.0 0.0 0.0 0.0 0.0 0.0 0.0 0.0
very good relaxing,0.0,0.0,0.0,0.0,1.0,0.0,0.0,0.0,0.0 0.0 0.0 0.0 1.0 0.0 0.0 0.0
songs for sad moods,0.0,0.0,0.0,0.0,0.0,1.0,0.0,0.0,0.0 0.0 0.0 0.0 0.0 1.0 0.0 0.0
trust in me,0.0,0.0,0.0,0.0,0.0,0.0,0.0,1.0,0.0 0.0 0.0 0.0 0.0 0.0 0.0 1.0
positive vibe,0.0,1.0,0.0,0.0,1.0,0.0,0.0,1.0,0.0 1.0 0.0 0.0 1.0 0.0 0.0 1.0
power of love,0.0,0.0,0.0,0.0,1.0,0.0,0.0,0.0,0.0 0.0 0.0 0.0 1.0 0.0 0.0 0.0
truly romantic,0.0,1.0,0.0,0.0,1.0,0.0,0.0,1.0,0.0 1.0 0.0 0.0 1.0 0.0 0.0 1.0
in the mood for love,0.0,1.0,0.0,1.0,1.0,1.0,1.0,1.0,0.0 1.0 0.0 1.0 1.0 1.0 1.0 1.0
merry christmas,0.0,0.0,0.0,0.0,1.0,0.0,0.0,0.0,0.0 0.0 0.0 0.0 1.0 0.0 0.0 0.0
happy holidays,0.0,1.0,0.0,0.0,1.0,0.0,0.0,0.0,0.0 1.0 0.0 0.0 1.0 0.0 0.0 0.0
full blast,0.0,0.0,0.0,1.0,0.0,0.0,1.0,0.0,0.0 0.0 0.0 1.0 0.0 0.0 1.0 0.0
baby love,0.0,0.0,0.0,0.0,1.0,0.0,0.0,1.0,0.0 0.0 0.0 0.0 1.0 0.0 0.0 1.0
my happy ending,0.0,1.0,0.0,0.0,1.0,0.0,0.0,0.0,0.0 1.0 0.0 0.0 1.0 0.0 0.0 0.0
tragedy,0.0,0.0,0.0,1.0,0.0,1.0,0.0,0.0,0.0 0.0 0.0 1.0 0.0 1.0 0.0 0.0
i am a failure,0.0,0.0,0.0,1.0,0.0,1.0,0.0,0.0,0.0 0.0 0.0 1.0 0.0 1.0 0.0 0.0
work is unpleasant,0.0,0.0,1.0,0.0,0.0,1.0,0.0,0.0,0.0 0.0 1.0 0.0 0.0 1.0 0.0 0.0
love is here to stay,0.0,0.0,0.0,0.0,1.0,0.0,0.0,0.0,0.0 0.0 0.0 0.0 1.0 0.0 0.0 0.0
memorable night,0.0,0.0,0.0,0.0,1.0,0.0,1.0,1.0,0.0 0.0 0.0 0.0 1.0 0.0 1.0 1.0
pure love,0.0,1.0,0.0,0.0,1.0,0.0,0.0,1.0,0.0 1.0 0.0 0.0 1.0 0.0 0.0 1.0
heartfelt hits,0.0,0.0,0.0,0.0,0.0,1.0,0.0,0.0,0.0 0.0 0.0 0.0 0.0 1.0 0.0 0.0
sophisticated sadness,0.0,0.0,0.0,0.0,0.0,1.0,0.0,0.0,0.0 0.0 0.0 0.0 0.0 1.0 0.0 0.0
the lonely hearts,0.0,0.0,0.0,1.0,0.0,1.0,0.0,0.0,0.0 0.0 0.0 1.0 0.0 1.0 0.0 0.0
feeling happy,0.0,1.0,0.0,0.0,1.0,0.0,0.0,0.0,0.0 1.0 0.0 0.0 1.0 0.0 0.0 0.0
make me smile,0.0,0.0,0.0,0.0,1.0,0.0,0.0,0.0,0.0 0.0 0.0 0.0 1.0 0.0 0.0 0.0
holiday vibes,0.0,1.0,0.0,0.0,1.0,0.0,0.0,0.0,0.0 1.0 0.0 0.0 1.0 0.0 0.0 0.0
happy people,0.0,0.0,0.0,0.0,1.0,0.0,0.0,0.0,0.0 0.0 0.0 0.0 1.0 0.0 0.0 0.0
blessed,0.0,0.0,0.0,0.0,1.0,0.0,0.0,0.0,0.0 0.0 0.0 0.0 1.0 0.0 0.0 0.0
delightfully happy,0.0,0.0,0.0,0.0,1.0,0.0,0.0,0.0,0.0 0.0 0.0 0.0 1.0 0.0 0.0 0.0
kick your ass,1.0,0.0,0.0,0.0,0.0,0.0,0.0,0.0,1.0 0.0 0.0 0.0 0.0 0.0 0.0 0.0
never fail happy,0.0,1.0,0.0,0.0,1.0,0.0,0.0,0.0,0.0 1.0 0.0 0.0 1.0 0.0 0.0 0.0
happy thoughts,0.0,1.0,0.0,0.0,1.0,0.0,0.0,1.0,0.0 1.0 0.0 0.0 1.0 0.0 0.0 1.0
heart wrenching,0.0,0.0,0.0,1.0,0.0,1.0,0.0,0.0,0.0 0.0 0.0 1.0 0.0 1.0 0.0 0.0
beautiful and groovy,0.0,1.0,0.0,0.0,1.0,0.0,0.0,1.0,0.0 1.0 0.0 0.0 1.0 0.0 0.0 1.0
funky sexy,0.0,1.0,0.0,0.0,1.0,0.0,1.0,1.0,0.0 1.0 0.0 0.0 1.0 0.0 1.0 1.0
boy with love,0.0,0.0,0.0,0.0,1.0,0.0,0.0,0.0,0.0 0.0 0.0 0.0 1.0 0.0 0.0 0.0
fantastic voyage,0.0,1.0,0.0,0.0,0.0,0.0,0.0,0.0,0.0 1.0 0.0 0.0 0.0 0.0 0.0 0.0
fantastic feeling,0.0,1.0,0.0,0.0,1.0,0.0,1.0,0.0,0.0 1.0 0.0 0.0 1.0 0.0 1.0 0.0
bye bye love,0.0,1.0,0.0,0.0,0.0,0.0,0.0,0.0,0.0 1.0 0.0 0.0 0.0 0.0 0.0 0.0
broken hearts,0.0,0.0,0.0,0.0,0.0,1.0,0.0,0.0,0.0 0.0 0.0 0.0 0.0 1.0 0.0 0.0
soulful females,0.0,0.0,0.0,1.0,0.0,0.0,0.0,0.0,0.0 0.0 0.0 1.0 0.0 0.0 0.0 0.0
brutal violence,1.0,0.0,0.0,1.0,0.0,0.0,0.0,0.0,1.0 0.0 0.0 1.0 0.0 0.0 0.0 0.0
cool mood before holidays,0.0,1.0,0.0,0.0,1.0,0.0,0.0,0.0,0.0 1.0 0.0 0.0 1.0 0.0 0.0 0.0
christmas vibes,0.0,0.0,0.0,0.0,1.0,0.0,0.0,0.0,0.0 0.0 0.0 0.0 1.0 0.0 0.0 0.0
soulful and happy,0.0,0.0,0.0,0.0,1.0,0.0,0.0,0.0,0.0 0.0 0.0 0.0 1.0 0.0 0.0 0.0
warm and happy,0.0,1.0,0.0,0.0,1.0,0.0,0.0,0.0,0.0 1.0 0.0 0.0 1.0 0.0 0.0 0.0
warm and soulful,0.0,1.0,0.0,0.0,1.0,0.0,0.0,0.0,0.0 1.0 0.0 0.0 1.0 0.0 0.0 0.0
"warm, soulful, and happy",0.0,0.0,0.0,0.0,1.0,0.0,0.0,0.0,0.0 0.0 0.0 0.0 1.0 0.0 0.0 0.0
very sexy,0.0,0.0,0.0,0.0,1.0,0.0,0.0,0.0,0.0 0.0 0.0 0.0 1.0 0.0 0.0 0.0
quite bitter beings,1.0,0.0,1.0,0.0,0.0,1.0,0.0,0.0,1.0 0.0 1.0 0.0 0.0 1.0 0.0 0.0
bless,0.0,1.0,0.0,0.0,1.0,0.0,0.0,1.0,0.0 1.0 0.0 0.0 1.0 0.0 0.0 1.0
cloudy days are better,0.0,0.0,0.0,0.0,0.0,1.0,0.0,0.0,0.0 0.0 0.0 0.0 0.0 1.0 0.0 0.0
cruel intentions,0.0,0.0,0.0,1.0,0.0,0.0,0.0,0.0,0.0 0.0 0.0 1.0 0.0 0.0 0.0 0.0
make me happy,0.0,1.0,0.0,0.0,1.0,0.0,0.0,0.0,0.0 1.0 0.0 0.0 1.0 0.0 0.0 0.0
super happy fun time,0.0,0.0,0.0,0.0,1.0,0.0,0.0,0.0,0.0 0.0 0.0 0.0 1.0 0.0 0.0 0.0
happy hormones,0.0,1.0,0.0,0.0,1.0,0.0,0.0,0.0,0.0 1.0 0.0 0.0 1.0 0.0 0.0 0.0
carrying your love with me,0.0,0.0,0.0,0.0,1.0,0.0,0.0,1.0,0.0 0.0 0.0 0.0 1.0 0.0 0.0 1.0
interesting but relaxing,0.0,0.0,0.0,0.0,1.0,0.0,0.0,0.0,0.0 0.0 0.0 0.0 1.0 0.0 0.0 0.0
destroy everything you touch,1.0,0.0,0.0,1.0,0.0,1.0,0.0,0.0,1.0 0.0 0.0 1.0 0.0 1.0 0.0 0.0
please destroy me this way,1.0,0.0,0.0,0.0,0.0,0.0,0.0,0.0,1.0 0.0 0.0 0.0 0.0 0.0 0.0 0.0
serious fun,0.0,1.0,0.0,0.0,1.0,0.0,0.0,0.0,0.0 1.0 0.0 0.0 1.0 0.0 0.0 0.0
new beginnings,0.0,1.0,0.0,0.0,0.0,0.0,0.0,0.0,0.0 1.0 0.0 0.0 0.0 0.0 0.0 0.0
infinite love,0.0,0.0,0.0,0.0,1.0,0.0,0.0,0.0,0.0 0.0 0.0 0.0 1.0 0.0 0.0 0.0
get pumped,0.0,1.0,0.0,0.0,1.0,0.0,1.0,1.0,0.0 1.0 0.0 0.0 1.0 0.0 1.0 1.0
graduation party,0.0,1.0,0.0,0.0,1.0,0.0,1.0,0.0,0.0 1.0 0.0 0.0 1.0 0.0 1.0 0.0
wedding reception,0.0,1.0,0.0,0.0,1.0,0.0,0.0,1.0,0.0 1.0 0.0 0.0 1.0 0.0 0.0 1.0
dinner party,0.0,0.0,0.0,0.0,1.0,0.0,0.0,0.0,0.0 0.0 0.0 0.0 1.0 0.0 0.0 0.0
feel goods,1.0,1.0,1.0,1.0,1.0,1.0,1.0,1.0,1.0 1.0 1.0 1.0 1.0 1.0 1.0 1.0
block party,0.0,0.0,0.0,1.0,0.0,0.0,0.0,0.0,0.0 0.0 0.0 1.0 0.0 0.0 0.0 0.0
party bus,0.0,0.0,0.0,0.0,1.0,0.0,0.0,0.0,0.0 0.0 0.0 0.0 1.0 0.0 0.0 0.0
road trip,0.0,1.0,0.0,0.0,0.0,0.0,0.0,0.0,0.0 1.0 0.0 0.0 0.0 0.0 0.0 0.0
party mix,1.0,0.0,1.0,0.0,1.0,0.0,1.0,1.0,1.0 0.0 1.0 0.0 1.0 0.0 1.0 1.0
rehearsal dinner,0.0,1.0,0.0,0.0,1.0,0.0,0.0,0.0,0.0 1.0 0.0 0.0 1.0 0.0 0.0 0.0
relaxing,0.0,0.0,0.0,0.0,1.0,0.0,0.0,0.0,0.0 0.0 0.0 0.0 1.0 0.0 0.0 0.0
sunday mornings,0.0,1.0,0.0,0.0,1.0,0.0,0.0,1.0,0.0 1.0 0.0 0.0 1.0 0.0 0.0 1.0
love,0.0,0.0,0.0,0.0,1.0,0.0,0.0,0.0,0.0 0.0 0.0 0.0 1.0 0.0 0.0 0.0
fun,0.0,1.0,0.0,0.0,1.0,0.0,0.0,0.0,0.0 1.0 0.0 0.0 1.0 0.0 0.0 0.0
toxic,0.0,0.0,1.0,0.0,0.0,0.0,0.0,0.0,0.0 0.0 1.0 0.0 0.0 0.0 0.0 0.0
after hours,0.0,1.0,0.0,0.0,0.0,0.0,0.0,0.0,0.0 1.0 0.0 0.0 0.0 0.0 0.0 0.0
bad intentions,1.0,0.0,1.0,0.0,0.0,1.0,0.0,0.0,1.0 0.0 1.0 0.0 0.0 1.0 0.0 0.0
birthday,0.0,1.0,0.0,0.0,1.0,0.0,1.0,0.0,0.0 1.0 0.0 0.0 1.0 0.0 1.0 0.0
best friends forever,0.0,0.0,0.0,0.0,1.0,0.0,0.0,1.0,0.0 0.0 0.0 0.0 1.0 0.0 0.0 1.0
broken,1.0,0.0,0.0,1.0,0.0,1.0,0.0,0.0,1.0 0.0 0.0 1.0 0.0 1.0 0.0 0.0
cuddles,0.0,0.0,0.0,0.0,1.0,0.0,0.0,1.0,0.0 0.0 0.0 0.0 1.0 0.0 0.0 1.0
death,1.0,1.0,1.0,1.0,0.0,1.0,1.0,0.0,1.0 1.0 1.0 1.0 0.0 1.0 1.0 0.0
depressed,1.0,0.0,0.0,1.0,0.0,1.0,0.0,0.0,1.0 0.0 0.0 1.0 0.0 1.0 0.0 0.0
get lucky,0.0,0.0,0.0,0.0,1.0,0.0,1.0,0.0,0.0 0.0 0.0 0.0 1.0 0.0 1.0 0.0
heartbreak,0.0,0.0,0.0,0.0,0.0,1.0,0.0,0.0,0.0 0.0 0.0 0.0 0.0 1.0 0.0 0.0
levitate,0.0,1.0,0.0,0.0,0.0,0.0,0.0,0.0,0.0 1.0 0.0 0.0 0.0 0.0 0.0 0.0
affectionate,0.0,0.0,0.0,0.0,1.0,0.0,0.0,1.0,0.0 0.0 0.0 0.0 1.0 0.0 0.0 1.0
sad vibes,0.0,0.0,0.0,0.0,0.0,1.0,0.0,0.0,0.0 0.0 0.0 0.0 0.0 1.0 0.0 0.0
summer party,0.0,1.0,0.0,0.0,1.0,0.0,1.0,0.0,0.0 1.0 0.0 0.0 1.0 0.0 1.0 0.0
turn up,0.0,1.0,0.0,0.0,0.0,0.0,0.0,0.0,0.0 1.0 0.0 0.0 0.0 0.0 0.0 0.0
evenings,0.0,1.0,0.0,0.0,0.0,0.0,0.0,0.0,0.0 1.0 0.0 0.0 0.0 0.0 0.0 0.0
beach mix,0.0,0.0,0.0,0.0,1.0,0.0,0.0,0.0,0.0 0.0 0.0 0.0 1.0 0.0 0.0 0.0
thoughts,0.0,1.0,0.0,0.0,0.0,0.0,0.0,0.0,0.0 1.0 0.0 0.0 0.0 0.0 0.0 0.0
saturday morning,0.0,1.0,0.0,0.0,0.0,0.0,0.0,0.0,0.0 1.0 0.0 0.0 0.0 0.0 0.0 0.0
tripping,1.0,0.0,0.0,0.0,0.0,1.0,0.0,0.0,1.0 0.0 0.0 0.0 0.0 1.0 0.0 0.0
homecoming,0.0,1.0,0.0,0.0,0.0,0.0,0.0,0.0,0.0 1.0 0.0 0.0 0.0 0.0 0.0 0.0
party hardy,0.0,0.0,0.0,0.0,1.0,0.0,0.0,1.0,0.0 0.0 0.0 0.0 1.0 0.0 0.0 1.0
autumn leaves,0.0,0.0,0.0,0.0,0.0,1.0,0.0,0.0,0.0 0.0 0.0 0.0 0.0 1.0 0.0 0.0
fun mix,0.0,1.0,0.0,0.0,1.0,0.0,0.0,0.0,0.0 1.0 0.0 0.0 1.0 0.0 0.0 0.0
lush,0.0,0.0,1.0,0.0,0.0,1.0,0.0,0.0,0.0 0.0 1.0 0.0 0.0 1.0 0.0 0.0
morning sunshine,0.0,1.0,0.0,0.0,1.0,0.0,0.0,0.0,0.0 1.0 0.0 0.0 1.0 0.0 0.0 0.0
revolver,1.0,0.0,0.0,1.0,0.0,1.0,0.0,0.0,1.0 0.0 0.0 1.0 0.0 1.0 0.0 0.0
summer bbq,0.0,1.0,0.0,0.0,1.0,0.0,1.0,1.0,0.0 1.0 0.0 0.0 1.0 0.0 1.0 1.0
heart,0.0,0.0,0.0,0.0,0.0,1.0,0.0,0.0,0.0 0.0 0.0 0.0 0.0 1.0 0.0 0.0
darkness,1.0,0.0,0.0,1.0,0.0,1.0,0.0,0.0,1.0 0.0 0.0 1.0 0.0 1.0 0.0 0.0
happy hour,0.0,1.0,0.0,0.0,1.0,0.0,1.0,1.0,0.0 1.0 0.0 0.0 1.0 0.0 1.0 1.0
snowboard,0.0,1.0,0.0,0.0,0.0,0.0,0.0,0.0,0.0 1.0 0.0 0.0 0.0 0.0 0.0 0.0
depression,0.0,0.0,0.0,0.0,0.0,1.0,0.0,0.0,0.0 0.0 0.0 0.0 0.0 1.0 0.0 0.0
makes me happy,0.0,1.0,0.0,0.0,1.0,0.0,0.0,1.0,0.0 1.0 0.0 0.0 1.0 0.0 0.0 1.0
summer time,0.0,1.0,0.0,0.0,0.0,0.0,0.0,0.0,0.0 1.0 0.0 0.0 0.0 0.0 0.0 0.0
follow the sun,0.0,1.0,0.0,0.0,1.0,0.0,1.0,1.0,0.0 1.0 0.0 0.0 1.0 0.0 1.0 1.0
stars,0.0,1.0,0.0,0.0,1.0,0.0,0.0,0.0,0.0 1.0 0.0 0.0 1.0 0.0 0.0 0.0
surf,0.0,0.0,0.0,0.0,1.0,0.0,0.0,0.0,0.0 0.0 0.0 0.0 1.0 0.0 0.0 0.0
after dark,0.0,0.0,0.0,0.0,0.0,1.0,0.0,0.0,0.0 0.0 0.0 0.0 0.0 1.0 0.0 0.0
after party,0.0,1.0,0.0,0.0,1.0,0.0,0.0,0.0,0.0 1.0 0.0 0.0 1.0 0.0 0.0 0.0
bachelorette party,0.0,1.0,0.0,0.0,1.0,0.0,0.0,1.0,0.0 1.0 0.0 0.0 1.0 0.0 0.0 1.0
christmas,0.0,1.0,0.0,0.0,1.0,0.0,0.0,0.0,0.0 1.0 0.0 0.0 1.0 0.0 0.0 0.0
fun times,0.0,1.0,0.0,0.0,1.0,0.0,0.0,0.0,0.0 1.0 0.0 0.0 1.0 0.0 0.0 0.0
get hype,0.0,1.0,0.0,0.0,0.0,0.0,0.0,0.0,0.0 1.0 0.0 0.0 0.0 0.0 0.0 0.0
halloween dance,0.0,0.0,0.0,0.0,1.0,0.0,0.0,0.0,0.0 0.0 0.0 0.0 1.0 0.0 0.0 0.0
happy joyful,0.0,0.0,0.0,0.0,1.0,0.0,0.0,0.0,0.0 0.0 0.0 0.0 1.0 0.0 0.0 0.0
let's dance,0.0,0.0,0.0,0.0,1.0,0.0,0.0,1.0,0.0 0.0 0.0 0.0 1.0 0.0 0.0 1.0
serenity,0.0,1.0,0.0,0.0,1.0,0.0,0.0,1.0,0.0 1.0 0.0 0.0 1.0 0.0 0.0 1.0
twerk,0.0,0.0,0.0,0.0,1.0,0.0,0.0,1.0,0.0 0.0 0.0 0.0 1.0 0.0 0.0 1.0
wedding dance,0.0,1.0,0.0,0.0,1.0,0.0,0.0,1.0,0.0 1.0 0.0 0.0 1.0 0.0 0.0 1.0
wedding dancing,0.0,1.0,0.0,0.0,1.0,0.0,0.0,1.0,0.0 1.0 0.0 0.0 1.0 0.0 0.0 1.0
beach days,0.0,0.0,0.0,0.0,1.0,0.0,0.0,0.0,0.0 0.0 0.0 0.0 1.0 0.0 0.0 0.0
have fun,0.0,1.0,0.0,0.0,1.0,0.0,0.0,1.0,0.0 1.0 0.0 0.0 1.0 0.0 0.0 1.0
love sick,0.0,0.0,0.0,0.0,1.0,0.0,0.0,0.0,0.0 0.0 0.0 0.0 1.0 0.0 0.0 0.0
float on,0.0,0.0,0.0,1.0,0.0,1.0,0.0,0.0,0.0 0.0 0.0 1.0 0.0 1.0 0.0 0.0
christmas is here,0.0,0.0,0.0,0.0,1.0,0.0,0.0,0.0,0.0 0.0 0.0 0.0 1.0 0.0 0.0 0.0
intimate moments,0.0,1.0,0.0,0.0,1.0,0.0,0.0,1.0,0.0 1.0 0.0 0.0 1.0 0.0 0.0 1.0
uprising,1.0,1.0,0.0,1.0,0.0,0.0,0.0,0.0,1.0 1.0 0.0 1.0 0.0 0.0 0.0 0.0
ethereal,0.0,0.0,0.0,1.0,0.0,0.0,0.0,0.0,0.0 0.0 0.0 1.0 0.0 0.0 0.0 0.0
angry,1.0,0.0,1.0,0.0,0.0,0.0,0.0,0.0,1.0 0.0 1.0 0.0 0.0 0.0 0.0 0.0
turned up,0.0,0.0,0.0,0.0,0.0,1.0,1.0,0.0,0.0 0.0 0.0 0.0 0.0 1.0 1.0 0.0
let me love you,0.0,0.0,0.0,0.0,1.0,0.0,0.0,0.0,0.0 0.0 0.0 0.0 1.0 0.0 0.0 0.0
on the road,0.0,0.0,0.0,0.0,0.0,0.0,0.0,1.0,0.0 0.0 0.0 0.0 0.0 0.0 0.0 1.0
moon,0.0,1.0,0.0,0.0,1.0,0.0,1.0,1.0,0.0 1.0 0.0 0.0 1.0 0.0 1.0 1.0
happy place,0.0,1.0,0.0,0.0,1.0,0.0,0.0,0.0,0.0 1.0 0.0 0.0 1.0 0.0 0.0 0.0
alone time,0.0,0.0,0.0,0.0,1.0,0.0,0.0,0.0,0.0 0.0 0.0 0.0 1.0 0.0 0.0 0.0
comfy,0.0,0.0,0.0,0.0,1.0,0.0,0.0,0.0,0.0 0.0 0.0 0.0 1.0 0.0 0.0 0.0
summer heat,0.0,0.0,0.0,1.0,0.0,0.0,0.0,0.0,0.0 0.0 0.0 1.0 0.0 0.0 0.0 0.0
hugs and kisses,0.0,0.0,0.0,0.0,1.0,0.0,0.0,1.0,0.0 0.0 0.0 0.0 1.0 0.0 0.0 1.0
christmas cheer,0.0,1.0,0.0,0.0,1.0,0.0,0.0,0.0,0.0 1.0 0.0 0.0 1.0 0.0 0.0 0.0
kitchen dancing,0.0,0.0,0.0,0.0,0.0,0.0,0.0,1.0,0.0 0.0 0.0 0.0 0.0 0.0 0.0 1.0
secret,0.0,0.0,0.0,0.0,0.0,0.0,0.0,1.0,0.0 0.0 0.0 0.0 0.0 0.0 0.0 1.0
be happy,0.0,0.0,0.0,0.0,1.0,0.0,0.0,0.0,0.0 0.0 0.0 0.0 1.0 0.0 0.0 0.0
beach day,0.0,0.0,0.0,0.0,1.0,0.0,0.0,0.0,0.0 0.0 0.0 0.0 1.0 0.0 0.0 0.0
bridal shower,0.0,1.0,0.0,0.0,1.0,0.0,0.0,1.0,0.0 1.0 0.0 0.0 1.0 0.0 0.0 1.0
summer camp,0.0,1.0,0.0,0.0,1.0,0.0,0.0,1.0,0.0 1.0 0.0 0.0 1.0 0.0 0.0 1.0
falling for you,0.0,0.0,0.0,0.0,1.0,0.0,0.0,1.0,0.0 0.0 0.0 0.0 1.0 0.0 0.0 1.0
skiing,1.0,0.0,0.0,1.0,0.0,1.0,0.0,0.0,1.0 0.0 0.0 1.0 0.0 1.0 0.0 0.0
fun time,0.0,1.0,0.0,0.0,1.0,0.0,0.0,0.0,0.0 1.0 0.0 0.0 1.0 0.0 0.0 0.0
wedding mix,0.0,1.0,0.0,0.0,1.0,0.0,0.0,1.0,0.0 1.0 0.0 0.0 1.0 0.0 0.0 1.0
get the party started,0.0,1.0,0.0,0.0,0.0,0.0,0.0,0.0,0.0 1.0 0.0 0.0 0.0 0.0 0.0 0.0
reckless,1.0,0.0,0.0,1.0,0.0,0.0,0.0,0.0,1.0 0.0 0.0 1.0 0.0 0.0 0.0 0.0
beach vibes,0.0,0.0,0.0,0.0,1.0,0.0,0.0,0.0,0.0 0.0 0.0 0.0 1.0 0.0 0.0 0.0
endless summer,0.0,0.0,0.0,1.0,0.0,0.0,0.0,0.0,0.0 0.0 0.0 1.0 0.0 0.0 0.0 0.0
sleeping songs,0.0,0.0,0.0,0.0,1.0,0.0,0.0,0.0,0.0 0.0 0.0 0.0 1.0 0.0 0.0 0.0
happy heart,0.0,1.0,0.0,0.0,1.0,0.0,0.0,1.0,0.0 1.0 0.0 0.0 1.0 0.0 0.0 1.0
kickback,1.0,0.0,0.0,0.0,0.0,0.0,0.0,0.0,1.0 0.0 0.0 0.0 0.0 0.0 0.0 0.0
magic,0.0,0.0,0.0,0.0,0.0,0.0,1.0,0.0,0.0 0.0 0.0 0.0 0.0 0.0 1.0 0.0
funky friday,0.0,0.0,0.0,0.0,0.0,1.0,0.0,0.0,0.0 0.0 0.0 0.0 0.0 1.0 0.0 0.0
inspirational,0.0,0.0,0.0,0.0,1.0,0.0,0.0,1.0,0.0 0.0 0.0 0.0 1.0 0.0 0.0 1.0
pizza party,0.0,1.0,0.0,0.0,1.0,0.0,1.0,0.0,0.0 1.0 0.0 0.0 1.0 0.0 1.0 0.0
birthday celebration,0.0,1.0,0.0,0.0,1.0,0.0,0.0,0.0,0.0 1.0 0.0 0.0 1.0 0.0 0.0 0.0
freak,0.0,0.0,1.0,0.0,0.0,0.0,0.0,0.0,0.0 0.0 1.0 0.0 0.0 0.0 0.0 0.0
get hyped,0.0,1.0,0.0,0.0,0.0,0.0,0.0,0.0,0.0 1.0 0.0 0.0 0.0 0.0 0.0 0.0
rager,1.0,0.0,0.0,0.0,0.0,0.0,0.0,0.0,1.0 0.0 0.0 0.0 0.0 0.0 0.0 0.0
summer days,0.0,0.0,0.0,0.0,1.0,0.0,0.0,0.0,0.0 0.0 0.0 0.0 1.0 0.0 0.0 0.0
nocturne,0.0,0.0,0.0,0.0,0.0,1.0,0.0,0.0,0.0 0.0 0.0 0.0 0.0 1.0 0.0 0.0
bachelor party,0.0,1.0,0.0,0.0,1.0,0.0,0.0,1.0,0.0 1.0 0.0 0.0 1.0 0.0 0.0 1.0
suicide,1.0,0.0,0.0,1.0,0.0,1.0,0.0,0.0,1.0 0.0 0.0 1.0 0.0 1.0 0.0 0.0
foreplay,0.0,0.0,0.0,0.0,1.0,0.0,0.0,0.0,0.0 0.0 0.0 0.0 1.0 0.0 0.0 0.0
walking on sunshine,0.0,1.0,0.0,0.0,1.0,0.0,0.0,0.0,0.0 1.0 0.0 0.0 1.0 0.0 0.0 0.0
sad,0.0,0.0,0.0,0.0,0.0,1.0,0.0,0.0,0.0 0.0 0.0 0.0 0.0 1.0 0.0 0.0
sadness,0.0,0.0,0.0,0.0,0.0,1.0,0.0,1.0,0.0 0.0 0.0 0.0 0.0 1.0 0.0 1.0
lovely day,0.0,1.0,0.0,0.0,1.0,0.0,1.0,1.0,0.0 1.0 0.0 0.0 1.0 0.0 1.0 1.0
mood boost,0.0,0.0,0.0,0.0,1.0,0.0,0.0,0.0,0.0 0.0 0.0 0.0 1.0 0.0 0.0 0.0
morning glory,0.0,1.0,0.0,0.0,1.0,0.0,0.0,0.0,0.0 1.0 0.0 0.0 1.0 0.0 0.0 0.0
peace,0.0,1.0,0.0,0.0,1.0,0.0,0.0,1.0,0.0 1.0 0.0 0.0 1.0 0.0 0.0 1.0
uplift,0.0,1.0,0.0,0.0,1.0,0.0,0.0,1.0,0.0 1.0 0.0 0.0 1.0 0.0 0.0 1.0
kick ass,1.0,0.0,0.0,0.0,0.0,0.0,0.0,0.0,1.0 0.0 0.0 0.0 0.0 0.0 0.0 0.0
psycho,1.0,0.0,0.0,1.0,0.0,0.0,0.0,0.0,1.0 0.0 0.0 1.0 0.0 0.0 0.0 0.0
afternoon delight,0.0,1.0,0.0,0.0,1.0,0.0,0.0,0.0,0.0 1.0 0.0 0.0 1.0 0.0 0.0 0.0
electric love,0.0,0.0,0.0,0.0,1.0,0.0,1.0,0.0,0.0 0.0 0.0 0.0 1.0 0.0 1.0 0.0
feel better,0.0,0.0,0.0,0.0,1.0,0.0,0.0,1.0,0.0 0.0 0.0 0.0 1.0 0.0 0.0 1.0
let's get weird,0.0,0.0,0.0,1.0,0.0,0.0,0.0,0.0,0.0 0.0 0.0 1.0 0.0 0.0 0.0 0.0
paranoid,0.0,0.0,0.0,1.0,0.0,0.0,0.0,0.0,0.0 0.0 0.0 1.0 0.0 0.0 0.0 0.0
sad stuff,0.0,0.0,0.0,0.0,0.0,1.0,0.0,1.0,0.0 0.0 0.0 0.0 0.0 1.0 0.0 1.0
faith,0.0,1.0,0.0,0.0,1.0,0.0,0.0,1.0,0.0 1.0 0.0 0.0 1.0 0.0 0.0 1.0
first love,0.0,0.0,0.0,0.0,1.0,0.0,0.0,0.0,0.0 0.0 0.0 0.0 1.0 0.0 0.0 0.0
wedding day,0.0,1.0,0.0,0.0,1.0,0.0,0.0,1.0,0.0 1.0 0.0 0.0 1.0 0.0 0.0 1.0
car trip,0.0,0.0,0.0,0.0,0.0,0.0,1.0,0.0,0.0 0.0 0.0 0.0 0.0 0.0 1.0 0.0
party chill,1.0,0.0,1.0,0.0,1.0,0.0,1.0,1.0,1.0 0.0 1.0 0.0 1.0 0.0 1.0 1.0
pursuit of happiness,0.0,0.0,0.0,0.0,1.0,0.0,0.0,0.0,0.0 0.0 0.0 0.0 1.0 0.0 0.0 0.0
sleep mix,0.0,0.0,0.0,0.0,1.0,0.0,0.0,0.0,0.0 0.0 0.0 0.0 1.0 0.0 0.0 0.0
psychedelia,0.0,0.0,0.0,1.0,0.0,0.0,0.0,0.0,0.0 0.0 0.0 1.0 0.0 0.0 0.0 0.0
feel good mix,0.0,1.0,0.0,0.0,1.0,0.0,0.0,0.0,0.0 1.0 0.0 0.0 1.0 0.0 0.0 0.0
insanity,1.0,0.0,1.0,1.0,0.0,1.0,0.0,0.0,1.0 0.0 1.0 1.0 0.0 1.0 0.0 0.0
motivational,0.0,0.0,0.0,0.0,0.0,0.0,0.0,1.0,0.0 0.0 0.0 0.0 0.0 0.0 0.0 1.0
strength,0.0,0.0,0.0,0.0,0.0,0.0,0.0,1.0,0.0 0.0 0.0 0.0 0.0 0.0 0.0 1.0
sick,0.0,0.0,1.0,0.0,0.0,1.0,0.0,0.0,0.0 0.0 1.0 0.0 0.0 1.0 0.0 0.0
stripper,0.0,0.0,0.0,0.0,0.0,0.0,0.0,1.0,0.0 0.0 0.0 0.0 0.0 0.0 0.0 1.0
fun in the sun,0.0,1.0,0.0,0.0,1.0,0.0,0.0,0.0,0.0 1.0 0.0 0.0 1.0 0.0 0.0 0.0
sunday afternoon,0.0,1.0,0.0,0.0,0.0,0.0,0.0,0.0,0.0 1.0 0.0 0.0 0.0 0.0 0.0 0.0
lonely,1.0,0.0,1.0,1.0,0.0,1.0,0.0,0.0,1.0 0.0 1.0 1.0 0.0 1.0 0.0 0.0
college party,0.0,1.0,0.0,0.0,1.0,0.0,0.0,0.0,0.0 1.0 0.0 0.0 1.0 0.0 0.0 0.0
dancing on my own,0.0,0.0,0.0,0.0,1.0,0.0,0.0,1.0,0.0 0.0 0.0 0.0 1.0 0.0 0.0 1.0
uncertain,1.0,0.0,1.0,1.0,0.0,0.0,1.0,0.0,1.0 0.0 1.0 1.0 0.0 0.0 1.0 0.0
dangerous,0.0,0.0,0.0,1.0,0.0,0.0,0.0,0.0,0.0 0.0 0.0 1.0 0.0 0.0 0.0 0.0
gym tracks,0.0,1.0,0.0,0.0,0.0,0.0,0.0,0.0,0.0 1.0 0.0 0.0 0.0 0.0 0.0 0.0
road mix,0.0,0.0,0.0,0.0,0.0,0.0,0.0,1.0,0.0 0.0 0.0 0.0 0.0 0.0 0.0 1.0
heartache,0.0,0.0,0.0,0.0,0.0,1.0,0.0,0.0,0.0 0.0 0.0 0.0 0.0 1.0 0.0 0.0
new start,0.0,1.0,0.0,0.0,0.0,0.0,0.0,0.0,0.0 1.0 0.0 0.0 0.0 0.0 0.0 0.0
one love,0.0,0.0,0.0,0.0,1.0,0.0,0.0,0.0,0.0 0.0 0.0 0.0 1.0 0.0 0.0 0.0
kill me,0.0,0.0,0.0,1.0,0.0,1.0,0.0,0.0,0.0 0.0 0.0 1.0 0.0 1.0 0.0 0.0
the party,0.0,1.0,0.0,0.0,1.0,0.0,1.0,0.0,0.0 1.0 0.0 0.0 1.0 0.0 1.0 0.0
dark days,0.0,0.0,0.0,0.0,0.0,1.0,0.0,0.0,0.0 0.0 0.0 0.0 0.0 1.0 0.0 0.0
christmas spirit,0.0,0.0,0.0,0.0,1.0,0.0,0.0,0.0,0.0 0.0 0.0 0.0 1.0 0.0 0.0 0.0
adrenaline,0.0,1.0,0.0,0.0,0.0,0.0,0.0,0.0,0.0 1.0 0.0 0.0 0.0 0.0 0.0 0.0
between the sheets,0.0,1.0,0.0,0.0,1.0,0.0,0.0,1.0,0.0 1.0 0.0 0.0 1.0 0.0 0.0 1.0
baby blue,0.0,0.0,0.0,0.0,0.0,1.0,0.0,0.0,0.0 0.0 0.0 0.0 0.0 1.0 0.0 0.0
crybaby,0.0,0.0,0.0,0.0,0.0,1.0,0.0,0.0,0.0 0.0 0.0 0.0 0.0 1.0 0.0 0.0
spooky,0.0,0.0,0.0,1.0,0.0,0.0,0.0,0.0,0.0 0.0 0.0 1.0 0.0 0.0 0.0 0.0
crazy in love,0.0,0.0,0.0,1.0,0.0,0.0,0.0,0.0,0.0 0.0 0.0 1.0 0.0 0.0 0.0 0.0
happy list,0.0,0.0,0.0,0.0,0.0,0.0,0.0,1.0,0.0 0.0 0.0 0.0 0.0 0.0 0.0 1.0
fridays,0.0,1.0,0.0,0.0,1.0,0.0,0.0,0.0,0.0 1.0 0.0 0.0 1.0 0.0 0.0 0.0
inspiring,0.0,1.0,0.0,0.0,1.0,0.0,0.0,1.0,0.0 1.0 0.0 0.0 1.0 0.0 0.0 1.0
electric,0.0,0.0,0.0,0.0,1.0,0.0,1.0,0.0,0.0 0.0 0.0 0.0 1.0 0.0 1.0 0.0
intimate,0.0,1.0,0.0,0.0,1.0,0.0,0.0,1.0,0.0 1.0 0.0 0.0 1.0 0.0 0.0 1.0
for the road,0.0,0.0,0.0,0.0,0.0,0.0,0.0,1.0,0.0 0.0 0.0 0.0 0.0 0.0 0.0 1.0
flying,0.0,0.0,0.0,1.0,0.0,0.0,0.0,0.0,0.0 0.0 0.0 1.0 0.0 0.0 0.0 0.0
problems,0.0,0.0,0.0,1.0,0.0,1.0,0.0,0.0,0.0 0.0 0.0 1.0 0.0 1.0 0.0 0.0
shame,0.0,0.0,1.0,1.0,0.0,1.0,0.0,0.0,0.0 0.0 1.0 1.0 0.0 1.0 0.0 0.0
winter mix,1.0,0.0,1.0,0.0,0.0,1.0,0.0,0.0,1.0 0.0 1.0 0.0 0.0 1.0 0.0 0.0
valentine's day,0.0,1.0,0.0,0.0,1.0,0.0,0.0,0.0,0.0 1.0 0.0 0.0 1.0 0.0 0.0 0.0
depressing,0.0,0.0,1.0,0.0,0.0,1.0,0.0,0.0,0.0 0.0 1.0 0.0 0.0 1.0 0.0 0.0
heartbroken,0.0,0.0,0.0,0.0,0.0,1.0,0.0,0.0,0.0 0.0 0.0 0.0 0.0 1.0 0.0 0.0
romantics,0.0,1.0,0.0,0.0,1.0,0.0,0.0,1.0,0.0 1.0 0.0 0.0 1.0 0.0 0.0 1.0
dream,0.0,0.0,0.0,1.0,0.0,0.0,0.0,0.0,0.0 0.0 0.0 1.0 0.0 0.0 0.0 0.0
sleepover,0.0,0.0,0.0,0.0,1.0,0.0,0.0,1.0,0.0 0.0 0.0 0.0 1.0 0.0 0.0 1.0
get wrecked,1.0,0.0,0.0,1.0,0.0,1.0,0.0,0.0,1.0 0.0 0.0 1.0 0.0 1.0 0.0 0.0
sad boy,0.0,0.0,0.0,0.0,0.0,1.0,0.0,1.0,0.0 0.0 0.0 0.0 0.0 1.0 0.0 1.0
grooving,0.0,0.0,0.0,0.0,1.0,0.0,0.0,0.0,0.0 0.0 0.0 0.0 1.0 0.0 0.0 0.0
for the win,1.0,0.0,0.0,0.0,0.0,1.0,0.0,0.0,1.0 0.0 0.0 0.0 0.0 1.0 0.0 0.0
darkside,0.0,0.0,0.0,1.0,0.0,0.0,0.0,0.0,0.0 0.0 0.0 1.0 0.0 0.0 0.0 0.0
going away party,0.0,1.0,0.0,0.0,1.0,0.0,1.0,0.0,0.0 1.0 0.0 0.0 1.0 0.0 1.0 0.0
party bangers,1.0,0.0,0.0,0.0,0.0,0.0,1.0,0.0,1.0 0.0 0.0 0.0 0.0 0.0 1.0 0.0
ultimate workout,0.0,1.0,0.0,0.0,0.0,0.0,0.0,0.0,0.0 1.0 0.0 0.0 0.0 0.0 0.0 0.0
weekends,0.0,1.0,0.0,0.0,1.0,0.0,0.0,0.0,0.0 1.0 0.0 0.0 1.0 0.0 0.0 0.0
wedding bells,0.0,1.0,0.0,0.0,1.0,0.0,0.0,1.0,0.0 1.0 0.0 0.0 1.0 0.0 0.0 1.0
fresh start,0.0,1.0,0.0,0.0,0.0,0.0,0.0,0.0,0.0 1.0 0.0 0.0 0.0 0.0 0.0 0.0
birthday mix,0.0,1.0,0.0,0.0,1.0,0.0,1.0,0.0,0.0 1.0 0.0 0.0 1.0 0.0 1.0 0.0
love of my life,0.0,0.0,0.0,1.0,0.0,0.0,0.0,0.0,0.0 0.0 0.0 1.0 0.0 0.0 0.0 0.0
safe and sound,0.0,0.0,0.0,0.0,1.0,0.0,0.0,1.0,0.0 0.0 0.0 0.0 1.0 0.0 0.0 1.0
adore you,0.0,0.0,0.0,0.0,1.0,0.0,0.0,1.0,0.0 0.0 0.0 0.0 1.0 0.0 0.0 1.0
depressing songs,0.0,0.0,0.0,0.0,0.0,1.0,0.0,0.0,0.0 0.0 0.0 0.0 0.0 1.0 0.0 0.0
partying,0.0,0.0,0.0,0.0,1.0,0.0,0.0,0.0,0.0 0.0 0.0 0.0 1.0 0.0 0.0 0.0
higher love,0.0,0.0,0.0,0.0,1.0,0.0,0.0,0.0,0.0 0.0 0.0 0.0 1.0 0.0 0.0 0.0
smooth sailing,0.0,1.0,0.0,0.0,0.0,0.0,0.0,0.0,0.0 1.0 0.0 0.0 0.0 0.0 0.0 0.0
patriotic,0.0,0.0,0.0,0.0,0.0,0.0,0.0,1.0,0.0 0.0 0.0 0.0 0.0 0.0 0.0 1.0
dancing in the dark,0.0,0.0,0.0,0.0,0.0,1.0,0.0,0.0,0.0 0.0 0.0 0.0 0.0 1.0 0.0 0.0
romantic style,0.0,0.0,0.0,0.0,1.0,0.0,0.0,0.0,0.0 0.0 0.0 0.0 1.0 0.0 0.0 0.0
waking up,0.0,1.0,0.0,0.0,1.0,0.0,0.0,0.0,0.0 1.0 0.0 0.0 1.0 0.0 0.0 0.0
sad love,0.0,0.0,0.0,0.0,0.0,1.0,0.0,0.0,0.0 0.0 0.0 0.0 0.0 1.0 0.0 0.0
feel good incorporated,0.0,1.0,0.0,0.0,1.0,0.0,0.0,0.0,0.0 1.0 0.0 0.0 1.0 0.0 0.0 0.0
chill summer,0.0,0.0,0.0,0.0,0.0,0.0,0.0,1.0,0.0 0.0 0.0 0.0 0.0 0.0 0.0 1.0
teenage angst,0.0,0.0,0.0,0.0,0.0,1.0,0.0,0.0,0.0 0.0 0.0 0.0 0.0 1.0 0.0 0.0
victorious,0.0,0.0,0.0,0.0,1.0,0.0,0.0,0.0,0.0 0.0 0.0 0.0 1.0 0.0 0.0 0.0
dancing in the kitchen,0.0,0.0,0.0,0.0,1.0,0.0,0.0,1.0,0.0 0.0 0.0 0.0 1.0 0.0 0.0 1.0
feel good friday,0.0,1.0,0.0,0.0,1.0,0.0,0.0,1.0,0.0 1.0 0.0 0.0 1.0 0.0 0.0 1.0
fierce,1.0,0.0,1.0,1.0,0.0,0.0,0.0,0.0,1.0 0.0 1.0 1.0 0.0 0.0 0.0 0.0
beloved,0.0,0.0,0.0,0.0,1.0,0.0,0.0,0.0,0.0 0.0 0.0 0.0 1.0 0.0 0.0 0.0
honeymoon,0.0,1.0,0.0,0.0,1.0,0.0,1.0,1.0,0.0 1.0 0.0 0.0 1.0 0.0 1.0 1.0
humble,0.0,0.0,1.0,0.0,0.0,1.0,0.0,0.0,0.0 0.0 1.0 0.0 0.0 1.0 0.0 0.0
party starter,0.0,1.0,0.0,0.0,1.0,0.0,1.0,0.0,0.0 1.0 0.0 0.0 1.0 0.0 1.0 0.0
christmas day,0.0,1.0,0.0,0.0,1.0,0.0,0.0,0.0,0.0 1.0 0.0 0.0 1.0 0.0 0.0 0.0
pre-wedding,0.0,1.0,0.0,0.0,1.0,0.0,0.0,1.0,0.0 1.0 0.0 0.0 1.0 0.0 0.0 1.0
the wedding,0.0,1.0,0.0,0.0,1.0,0.0,0.0,1.0,0.0 1.0 0.0 0.0 1.0 0.0 0.0 1.0
wedding background,0.0,1.0,0.0,0.0,1.0,0.0,0.0,1.0,0.0 1.0 0.0 0.0 1.0 0.0 0.0 1.0
confidence,0.0,0.0,0.0,1.0,1.0,0.0,0.0,1.0,0.0 0.0 0.0 1.0 1.0 0.0 0.0 1.0
give me love,0.0,0.0,0.0,0.0,1.0,0.0,0.0,0.0,0.0 0.0 0.0 0.0 1.0 0.0 0.0 0.0
uplifting,0.0,1.0,0.0,0.0,1.0,0.0,0.0,0.0,0.0 1.0 0.0 0.0 1.0 0.0 0.0 0.0
glitter,0.0,0.0,1.0,0.0,1.0,0.0,0.0,0.0,0.0 0.0 1.0 0.0 1.0 0.0 0.0 0.0
new beginning,0.0,1.0,0.0,0.0,0.0,0.0,0.0,0.0,0.0 1.0 0.0 0.0 0.0 0.0 0.0 0.0
saturday afternoon,0.0,1.0,0.0,0.0,0.0,0.0,0.0,0.0,0.0 1.0 0.0 0.0 0.0 0.0 0.0 0.0
tribal,0.0,0.0,0.0,0.0,0.0,0.0,0.0,1.0,0.0 0.0 0.0 0.0 0.0 0.0 0.0 1.0
dancing with myself,0.0,0.0,0.0,0.0,1.0,0.0,0.0,1.0,0.0 0.0 0.0 0.0 1.0 0.0 0.0 1.0
friday afternoon,0.0,1.0,0.0,0.0,0.0,0.0,0.0,0.0,0.0 1.0 0.0 0.0 0.0 0.0 0.0 0.0
wedding dj,0.0,1.0,0.0,0.0,1.0,0.0,0.0,1.0,0.0 1.0 0.0 0.0 1.0 0.0 0.0 1.0
midsummer,0.0,1.0,0.0,0.0,1.0,0.0,1.0,0.0,0.0 1.0 0.0 0.0 1.0 0.0 1.0 0.0
summer solstice,0.0,1.0,0.0,0.0,0.0,0.0,0.0,0.0,0.0 1.0 0.0 0.0 0.0 0.0 0.0 0.0
reflections,0.0,0.0,0.0,0.0,1.0,0.0,0.0,0.0,0.0 0.0 0.0 0.0 1.0 0.0 0.0 0.0
making love,0.0,1.0,0.0,0.0,1.0,0.0,0.0,1.0,0.0 1.0 0.0 0.0 1.0 0.0 0.0 1.0
shameless,0.0,0.0,1.0,0.0,0.0,0.0,0.0,0.0,0.0 0.0 1.0 0.0 0.0 0.0 0.0 0.0
garden party,0.0,1.0,0.0,0.0,1.0,0.0,1.0,0.0,0.0 1.0 0.0 0.0 1.0 0.0 1.0 0.0
happy-go-lucky,0.0,1.0,0.0,0.0,1.0,0.0,0.0,0.0,0.0 1.0 0.0 0.0 1.0 0.0 0.0 0.0
massage,0.0,0.0,0.0,0.0,1.0,0.0,0.0,0.0,0.0 0.0 0.0 0.0 1.0 0.0 0.0 0.0
love myself,0.0,0.0,0.0,0.0,1.0,0.0,0.0,0.0,0.0 0.0 0.0 0.0 1.0 0.0 0.0 0.0
lose yourself,0.0,0.0,0.0,1.0,0.0,1.0,0.0,0.0,0.0 0.0 0.0 1.0 0.0 1.0 0.0 0.0
sit back and relax,0.0,0.0,0.0,0.0,0.0,0.0,0.0,1.0,0.0 0.0 0.0 0.0 0.0 0.0 0.0 1.0
falling in love,0.0,0.0,0.0,0.0,1.0,0.0,0.0,1.0,0.0 0.0 0.0 0.0 1.0 0.0 0.0 1.0
into the mystic,0.0,0.0,0.0,0.0,0.0,0.0,1.0,0.0,0.0 0.0 0.0 0.0 0.0 0.0 1.0 0.0
the dark side,1.0,0.0,0.0,1.0,0.0,1.0,0.0,0.0,1.0 0.0 0.0 1.0 0.0 1.0 0.0 0.0
selfish,1.0,0.0,1.0,0.0,0.0,0.0,0.0,0.0,1.0 0.0 1.0 0.0 0.0 0.0 0.0 0.0
love on the brain,0.0,0.0,0.0,0.0,1.0,0.0,0.0,1.0,0.0 0.0 0.0 0.0 1.0 0.0 0.0 1.0
sunsets,0.0,1.0,0.0,0.0,1.0,0.0,0.0,0.0,0.0 1.0 0.0 0.0 1.0 0.0 0.0 0.0
wonderland,0.0,1.0,0.0,0.0,1.0,0.0,0.0,1.0,0.0 1.0 0.0 0.0 1.0 0.0 0.0 1.0
pre-game,0.0,1.0,0.0,0.0,0.0,0.0,0.0,0.0,0.0 1.0 0.0 0.0 0.0 0.0 0.0 0.0
halloween weekend,0.0,1.0,0.0,0.0,1.0,0.0,0.0,0.0,0.0 1.0 0.0 0.0 1.0 0.0 0.0 0.0
calming music,0.0,0.0,0.0,0.0,1.0,0.0,0.0,0.0,0.0 0.0 0.0 0.0 1.0 0.0 0.0 0.0
hurt,1.0,0.0,0.0,1.0,0.0,1.0,0.0,0.0,1.0 0.0 0.0 1.0 0.0 1.0 0.0 0.0
inspired,0.0,0.0,0.0,0.0,1.0,0.0,1.0,1.0,0.0 0.0 0.0 0.0 1.0 0.0 1.0 1.0
sad mood,0.0,0.0,0.0,0.0,0.0,1.0,0.0,0.0,0.0 0.0 0.0 0.0 0.0 1.0 0.0 0.0
slow love,0.0,0.0,0.0,0.0,1.0,0.0,0.0,1.0,0.0 0.0 0.0 0.0 1.0 0.0 0.0 1.0
pity party,0.0,0.0,0.0,0.0,0.0,1.0,0.0,0.0,0.0 0.0 0.0 0.0 0.0 1.0 0.0 0.0
happier,0.0,0.0,0.0,0.0,1.0,0.0,0.0,0.0,0.0 0.0 0.0 0.0 1.0 0.0 0.0 0.0
hopeless romantic,0.0,1.0,0.0,0.0,1.0,0.0,0.0,1.0,0.0 1.0 0.0 0.0 1.0 0.0 0.0 1.0
victory,0.0,1.0,0.0,0.0,1.0,0.0,0.0,1.0,0.0 1.0 0.0 0.0 1.0 0.0 0.0 1.0
aesthetics,0.0,0.0,0.0,0.0,1.0,0.0,0.0,0.0,0.0 0.0 0.0 0.0 1.0 0.0 0.0 0.0
brave,0.0,0.0,0.0,1.0,0.0,0.0,0.0,0.0,0.0 0.0 0.0 1.0 0.0 0.0 0.0 0.0
frat party,0.0,1.0,0.0,0.0,1.0,0.0,1.0,0.0,0.0 1.0 0.0 0.0 1.0 0.0 1.0 0.0
heartless,0.0,0.0,0.0,0.0,0.0,1.0,0.0,0.0,0.0 0.0 0.0 0.0 0.0 1.0 0.0 0.0
shotgun,0.0,0.0,0.0,1.0,0.0,0.0,0.0,0.0,0.0 0.0 0.0 1.0 0.0 0.0 0.0 0.0
peace love unity respect,0.0,1.0,0.0,0.0,1.0,0.0,0.0,1.0,0.0 1.0 0.0 0.0 1.0 0.0 0.0 1.0
sad girl,0.0,0.0,0.0,0.0,0.0,1.0,0.0,0.0,0.0 0.0 0.0 0.0 0.0 1.0 0.0 0.0
heartbreaker,1.0,0.0,0.0,0.0,0.0,0.0,0.0,0.0,1.0 0.0 0.0 0.0 0.0 0.0 0.0 0.0
girls weekend,0.0,1.0,0.0,0.0,1.0,0.0,0.0,0.0,0.0 1.0 0.0 0.0 1.0 0.0 0.0 0.0
real love,0.0,0.0,0.0,0.0,1.0,0.0,0.0,1.0,0.0 0.0 0.0 0.0 1.0 0.0 0.0 1.0
popcorn,0.0,0.0,0.0,0.0,0.0,0.0,1.0,0.0,0.0 0.0 0.0 0.0 0.0 0.0 1.0 0.0
sex with me,0.0,0.0,0.0,0.0,1.0,0.0,0.0,1.0,0.0 0.0 0.0 0.0 1.0 0.0 0.0 1.0
unsteady,0.0,0.0,0.0,1.0,0.0,0.0,0.0,0.0,0.0 0.0 0.0 1.0 0.0 0.0 0.0 0.0
yin yoga,0.0,1.0,0.0,0.0,1.0,0.0,0.0,1.0,0.0 1.0 0.0 0.0 1.0 0.0 0.0 1.0
wake up happy,0.0,1.0,0.0,0.0,1.0,0.0,0.0,0.0,0.0 1.0 0.0 0.0 1.0 0.0 0.0 0.0
battlefield,0.0,0.0,0.0,1.0,0.0,0.0,0.0,0.0,0.0 0.0 0.0 1.0 0.0 0.0 0.0 0.0
boyfriend,0.0,0.0,0.0,0.0,1.0,0.0,0.0,1.0,0.0 0.0 0.0 0.0 1.0 0.0 0.0 1.0
pre-party,0.0,1.0,0.0,0.0,1.0,0.0,1.0,0.0,0.0 1.0 0.0 0.0 1.0 0.0 1.0 0.0
sunset lover,0.0,1.0,0.0,0.0,1.0,0.0,0.0,0.0,0.0 1.0 0.0 0.0 1.0 0.0 0.0 0.0
run like hell,0.0,0.0,0.0,1.0,0.0,0.0,0.0,0.0,0.0 0.0 0.0 1.0 0.0 0.0 0.0 0.0
strong,0.0,0.0,0.0,1.0,0.0,0.0,0.0,0.0,0.0 0.0 0.0 1.0 0.0 0.0 0.0 0.0
existential crisis,0.0,0.0,0.0,1.0,0.0,0.0,0.0,0.0,0.0 0.0 0.0 1.0 0.0 0.0 0.0 0.0
pump me up,0.0,1.0,0.0,0.0,1.0,0.0,0.0,1.0,0.0 1.0 0.0 0.0 1.0 0.0 0.0 1.0
sweet disposition,0.0,1.0,0.0,0.0,1.0,0.0,0.0,1.0,0.0 1.0 0.0 0.0 1.0 0.0 0.0 1.0
fun run,0.0,1.0,0.0,0.0,1.0,0.0,0.0,0.0,0.0 1.0 0.0 0.0 1.0 0.0 0.0 0.0
feeling blue,0.0,0.0,0.0,1.0,0.0,1.0,0.0,0.0,0.0 0.0 0.0 1.0 0.0 1.0 0.0 0.0
high hopes,0.0,1.0,0.0,0.0,1.0,0.0,1.0,1.0,0.0 1.0 0.0 0.0 1.0 0.0 1.0 1.0
sad chill,1.0,0.0,0.0,1.0,0.0,1.0,0.0,0.0,1.0 0.0 0.0 1.0 0.0 1.0 0.0 0.0
sad feelings,1.0,0.0,0.0,0.0,0.0,1.0,0.0,0.0,1.0 0.0 0.0 0.0 0.0 1.0 0.0 0.0
sad jams,0.0,0.0,0.0,0.0,0.0,1.0,0.0,0.0,0.0 0.0 0.0 0.0 0.0 1.0 0.0 0.0
lose yourself to dance,0.0,0.0,0.0,0.0,1.0,0.0,0.0,1.0,0.0 0.0 0.0 0.0 1.0 0.0 0.0 1.0
pride,0.0,0.0,0.0,0.0,1.0,0.0,0.0,0.0,0.0 0.0 0.0 0.0 1.0 0.0 0.0 0.0
happy mood,0.0,1.0,0.0,0.0,1.0,0.0,0.0,0.0,0.0 1.0 0.0 0.0 1.0 0.0 0.0 0.0
just cry,0.0,0.0,0.0,0.0,0.0,1.0,0.0,0.0,0.0 0.0 0.0 0.0 0.0 1.0 0.0 0.0
somber,0.0,0.0,0.0,0.0,0.0,1.0,0.0,0.0,0.0 0.0 0.0 0.0 0.0 1.0 0.0 0.0
serendipity,0.0,0.0,0.0,0.0,0.0,0.0,1.0,0.0,0.0 0.0 0.0 0.0 0.0 0.0 1.0 0.0
slow worship,0.0,1.0,0.0,0.0,1.0,0.0,0.0,1.0,0.0 1.0 0.0 0.0 1.0 0.0 0.0 1.0
summertime sadness,0.0,0.0,0.0,1.0,0.0,1.0,0.0,0.0,0.0 0.0 0.0 1.0 0.0 1.0 0.0 0.0
christmas is coming,0.0,1.0,0.0,0.0,0.0,0.0,0.0,0.0,0.0 1.0 0.0 0.0 0.0 0.0 0.0 0.0
dream team,0.0,0.0,0.0,0.0,0.0,0.0,0.0,1.0,0.0 0.0 0.0 0.0 0.0 0.0 0.0 1.0
laughing out loud,0.0,0.0,0.0,0.0,1.0,0.0,0.0,0.0,0.0 0.0 0.0 0.0 1.0 0.0 0.0 0.0
preparty,0.0,1.0,0.0,0.0,0.0,0.0,0.0,0.0,0.0 1.0 0.0 0.0 0.0 0.0 0.0 0.0
shooting,1.0,0.0,0.0,1.0,0.0,0.0,0.0,0.0,1.0 0.0 0.0 1.0 0.0 0.0 0.0 0.0
dark times,1.0,0.0,0.0,1.0,0.0,1.0,0.0,0.0,1.0 0.0 0.0 1.0 0.0 1.0 0.0 0.0
life is strange,0.0,0.0,0.0,0.0,0.0,0.0,1.0,0.0,0.0 0.0 0.0 0.0 0.0 0.0 1.0 0.0
majestic,0.0,1.0,0.0,0.0,1.0,0.0,1.0,1.0,0.0 1.0 0.0 0.0 1.0 0.0 1.0 1.0
witchy,0.0,0.0,1.0,1.0,0.0,0.0,0.0,0.0,0.0 0.0 1.0 1.0 0.0 0.0 0.0 0.0
happy mix,0.0,1.0,0.0,0.0,1.0,0.0,0.0,1.0,0.0 1.0 0.0 0.0 1.0 0.0 0.0 1.0
stillness,0.0,0.0,0.0,1.0,0.0,1.0,0.0,0.0,0.0 0.0 0.0 1.0 0.0 1.0 0.0 0.0
sweet sounds,0.0,1.0,0.0,0.0,1.0,0.0,0.0,0.0,0.0 1.0 0.0 0.0 1.0 0.0 0.0 0.0
murder,1.0,0.0,1.0,1.0,0.0,1.0,1.0,0.0,1.0 0.0 1.0 1.0 0.0 1.0 1.0 0.0
winning,0.0,1.0,1.0,0.0,1.0,1.0,1.0,1.0,0.0 1.0 1.0 0.0 1.0 1.0 1.0 1.0
bitter,1.0,0.0,1.0,0.0,0.0,1.0,0.0,0.0,1.0 0.0 1.0 0.0 0.0 1.0 0.0 0.0
sad day,0.0,0.0,0.0,0.0,0.0,1.0,0.0,1.0,0.0 0.0 0.0 0.0 0.0 1.0 0.0 1.0
blue moon,0.0,0.0,0.0,0.0,0.0,1.0,0.0,0.0,0.0 0.0 0.0 0.0 0.0 1.0 0.0 0.0
obsession,0.0,1.0,0.0,0.0,0.0,0.0,0.0,0.0,0.0 1.0 0.0 0.0 0.0 0.0 0.0 0.0
mood swings,0.0,0.0,0.0,0.0,0.0,1.0,0.0,0.0,0.0 0.0 0.0 0.0 0.0 1.0 0.0 0.0
love life,0.0,0.0,0.0,0.0,1.0,0.0,0.0,0.0,0.0 0.0 0.0 0.0 1.0 0.0 0.0 0.0
boredom,0.0,0.0,0.0,0.0,0.0,1.0,0.0,0.0,0.0 0.0 0.0 0.0 0.0 1.0 0.0 0.0
losing control,1.0,0.0,0.0,0.0,0.0,1.0,0.0,0.0,1.0 0.0 0.0 0.0 0.0 1.0 0.0 0.0
endless love,0.0,0.0,0.0,0.0,1.0,0.0,0.0,1.0,0.0 0.0 0.0 0.0 1.0 0.0 0.0 1.0
trashy,0.0,0.0,1.0,0.0,0.0,0.0,0.0,0.0,0.0 0.0 1.0 0.0 0.0 0.0 0.0 0.0
time to dance,0.0,0.0,0.0,0.0,1.0,0.0,0.0,1.0,0.0 0.0 0.0 0.0 1.0 0.0 0.0 1.0
homesick,0.0,0.0,0.0,0.0,0.0,1.0,0.0,0.0,0.0 0.0 0.0 0.0 0.0 1.0 0.0 0.0
butterfly,0.0,0.0,1.0,0.0,0.0,0.0,0.0,0.0,0.0 0.0 1.0 0.0 0.0 0.0 0.0 0.0
bad days,1.0,0.0,1.0,1.0,0.0,0.0,0.0,0.0,1.0 0.0 1.0 1.0 0.0 0.0 0.0 0.0
longing,0.0,1.0,0.0,0.0,0.0,1.0,0.0,0.0,0.0 1.0 0.0 0.0 0.0 1.0 0.0 0.0
passionate,0.0,1.0,0.0,0.0,1.0,0.0,0.0,1.0,0.0 1.0 0.0 0.0 1.0 0.0 0.0 1.0
bittersweet,0.0,0.0,0.0,0.0,1.0,0.0,0.0,0.0,0.0 0.0 0.0 0.0 1.0 0.0 0.0 0.0
crime,1.0,0.0,0.0,0.0,0.0,0.0,0.0,0.0,1.0 0.0 0.0 0.0 0.0 0.0 0.0 0.0
melancholic,0.0,0.0,0.0,0.0,0.0,1.0,0.0,0.0,0.0 0.0 0.0 0.0 0.0 1.0 0.0 0.0
serious,0.0,0.0,0.0,1.0,0.0,1.0,0.0,0.0,0.0 0.0 0.0 1.0 0.0 1.0 0.0 0.0
atmospheric,0.0,0.0,0.0,1.0,0.0,0.0,0.0,0.0,0.0 0.0 0.0 1.0 0.0 0.0 0.0 0.0
minimalistic,0.0,0.0,1.0,0.0,0.0,0.0,0.0,0.0,0.0 0.0 1.0 0.0 0.0 0.0 0.0 0.0
poetic,0.0,0.0,0.0,0.0,1.0,0.0,0.0,0.0,0.0 0.0 0.0 0.0 1.0 0.0 0.0 0.0
soothing,0.0,0.0,0.0,0.0,1.0,0.0,0.0,1.0,0.0 0.0 0.0 0.0 1.0 0.0 0.0 1.0
halloween,0.0,0.0,0.0,1.0,0.0,0.0,0.0,0.0,0.0 0.0 0.0 1.0 0.0 0.0 0.0 0.0
humorous,0.0,0.0,0.0,0.0,1.0,0.0,0.0,0.0,0.0 0.0 0.0 0.0 1.0 0.0 0.0 0.0
party,0.0,1.0,0.0,0.0,1.0,0.0,1.0,0.0,0.0 1.0 0.0 0.0 1.0 0.0 1.0 0.0
playful,1.0,0.0,0.0,0.0,1.0,0.0,1.0,1.0,1.0 0.0 0.0 0.0 1.0 0.0 1.0 1.0
science fiction,0.0,1.0,0.0,0.0,0.0,0.0,0.0,1.0,0.0 1.0 0.0 0.0 0.0 0.0 0.0 1.0
romantic,0.0,1.0,0.0,0.0,1.0,0.0,0.0,1.0,0.0 1.0 0.0 0.0 1.0 0.0 0.0 1.0
aggressive,1.0,0.0,0.0,1.0,0.0,0.0,0.0,0.0,1.0 0.0 0.0 1.0 0.0 0.0 0.0 0.0
dark,0.0,0.0,0.0,0.0,0.0,1.0,0.0,0.0,0.0 0.0 0.0 0.0 0.0 1.0 0.0 0.0
heavy,0.0,0.0,0.0,1.0,0.0,0.0,0.0,0.0,0.0 0.0 0.0 1.0 0.0 0.0 0.0 0.0
breakup,0.0,0.0,0.0,0.0,0.0,1.0,0.0,0.0,0.0 0.0 0.0 0.0 0.0 1.0 0.0 0.0
sensual,0.0,1.0,0.0,0.0,1.0,0.0,1.0,1.0,0.0 1.0 0.0 0.0 1.0 0.0 1.0 1.0
sexual,0.0,1.0,0.0,0.0,1.0,0.0,0.0,1.0,0.0 1.0 0.0 0.0 1.0 0.0 0.0 1.0
sombre,0.0,0.0,0.0,0.0,0.0,1.0,0.0,0.0,0.0 0.0 0.0 0.0 0.0 1.0 0.0 0.0
alienation,1.0,0.0,1.0,1.0,0.0,1.0,0.0,0.0,1.0 0.0 1.0 1.0 0.0 1.0 0.0 0.0
depressive,0.0,0.0,0.0,0.0,0.0,1.0,0.0,0.0,0.0 0.0 0.0 0.0 0.0 1.0 0.0 0.0
self-hatred,1.0,0.0,1.0,1.0,0.0,0.0,0.0,0.0,1.0 0.0 1.0 1.0 0.0 0.0 0.0 0.0
vulgar,0.0,0.0,1.0,0.0,0.0,0.0,0.0,0.0,0.0 0.0 1.0 0.0 0.0 0.0 0.0 0.0
anxious,0.0,1.0,0.0,1.0,0.0,0.0,0.0,0.0,0.0 1.0 0.0 1.0 0.0 0.0 0.0 0.0
mechanical,0.0,0.0,0.0,0.0,0.0,0.0,0.0,1.0,0.0 0.0 0.0 0.0 0.0 0.0 0.0 1.0
hateful,1.0,0.0,1.0,1.0,0.0,1.0,0.0,0.0,1.0 0.0 1.0 1.0 0.0 1.0 0.0 0.0
martial,1.0,0.0,0.0,0.0,0.0,0.0,0.0,0.0,1.0 0.0 0.0 0.0 0.0 0.0 0.0 0.0
protest,1.0,0.0,0.0,0.0,0.0,0.0,0.0,0.0,1.0 0.0 0.0 0.0 0.0 0.0 0.0 0.0
mysterious,0.0,1.0,0.0,1.0,0.0,0.0,1.0,0.0,0.0 1.0 0.0 1.0 0.0 0.0 1.0 0.0
suspenseful,0.0,1.0,0.0,0.0,0.0,0.0,0.0,0.0,0.0 1.0 0.0 0.0 0.0 0.0 0.0 0.0
choral,0.0,0.0,0.0,0.0,1.0,0.0,0.0,0.0,0.0 0.0 0.0 0.0 1.0 0.0 0.0 0.0
anthemic,0.0,0.0,0.0,0.0,1.0,0.0,0.0,1.0,0.0 0.0 0.0 0.0 1.0 0.0 0.0 1.0
dense,0.0,0.0,1.0,0.0,0.0,0.0,0.0,0.0,0.0 0.0 1.0 0.0 0.0 0.0 0.0 0.0
rebellious,1.0,0.0,1.0,1.0,0.0,0.0,0.0,0.0,1.0 0.0 1.0 1.0 0.0 0.0 0.0 0.0
summer,0.0,0.0,0.0,0.0,1.0,0.0,0.0,0.0,0.0 0.0 0.0 0.0 1.0 0.0 0.0 0.0
manic,1.0,0.0,0.0,0.0,0.0,0.0,0.0,0.0,1.0 0.0 0.0 0.0 0.0 0.0 0.0 0.0
noisy,1.0,0.0,0.0,0.0,0.0,0.0,0.0,0.0,1.0 0.0 0.0 0.0 0.0 0.0 0.0 0.0
violence,1.0,0.0,0.0,1.0,0.0,1.0,0.0,0.0,1.0 0.0 0.0 1.0 0.0 1.0 0.0 0.0
apocalyptic,1.0,0.0,0.0,1.0,0.0,1.0,1.0,0.0,1.0 0.0 0.0 1.0 0.0 1.0 1.0 0.0
technical,0.0,0.0,0.0,0.0,0.0,0.0,0.0,1.0,0.0 0.0 0.0 0.0 0.0 0.0 0.0 1.0
war,0.0,0.0,0.0,1.0,0.0,0.0,0.0,0.0,0.0 0.0 0.0 1.0 0.0 0.0 0.0 0.0
anti-religious,1.0,0.0,1.0,1.0,0.0,0.0,0.0,0.0,1.0 0.0 1.0 1.0 0.0 0.0 0.0 0.0
dissonant,0.0,0.0,1.0,0.0,0.0,0.0,0.0,0.0,0.0 0.0 1.0 0.0 0.0 0.0 0.0 0.0
christian,0.0,0.0,0.0,0.0,0.0,0.0,0.0,1.0,0.0 0.0 0.0 0.0 0.0 0.0 0.0 1.0
futuristic,0.0,1.0,0.0,0.0,1.0,0.0,0.0,1.0,0.0 1.0 0.0 0.0 1.0 0.0 0.0 1.0
triumphant,0.0,1.0,0.0,0.0,1.0,0.0,0.0,1.0,0.0 1.0 0.0 0.0 1.0 0.0 0.0 1.0
desert,1.0,0.0,1.0,1.0,0.0,1.0,0.0,0.0,1.0 0.0 1.0 1.0 0.0 1.0 0.0 0.0
apathetic,0.0,0.0,0.0,0.0,0.0,1.0,0.0,0.0,0.0 0.0 0.0 0.0 0.0 1.0 0.0 0.0
ominous,0.0,1.0,0.0,1.0,0.0,0.0,0.0,0.0,0.0 1.0 0.0 1.0 0.0 0.0 0.0 0.0
chaotic,1.0,0.0,0.0,0.0,0.0,0.0,0.0,0.0,1.0 0.0 0.0 0.0 0.0 0.0 0.0 0.0
religious,0.0,0.0,0.0,0.0,0.0,0.0,0.0,1.0,0.0 0.0 0.0 0.0 0.0 0.0 0.0 1.0
occult,0.0,0.0,1.0,1.0,0.0,0.0,0.0,0.0,0.0 0.0 1.0 1.0 0.0 0.0 0.0 0.0
holiday,0.0,1.0,0.0,0.0,1.0,0.0,0.0,0.0,0.0 1.0 0.0 0.0 1.0 0.0 0.0 0.0
anarchism,1.0,0.0,0.0,1.0,0.0,0.0,0.0,0.0,1.0 0.0 0.0 1.0 0.0 0.0 0.0 0.0
nationalism,0.0,0.0,0.0,1.0,0.0,0.0,0.0,0.0,0.0 0.0 0.0 1.0 0.0 0.0 0.0 0.0
nursery rhyme,0.0,0.0,0.0,0.0,1.0,0.0,0.0,1.0,0.0 0.0 0.0 0.0 1.0 0.0 0.0 1.0
paranormal,0.0,0.0,0.0,1.0,0.0,0.0,0.0,0.0,0.0 0.0 0.0 1.0 0.0 0.0 0.0 0.0
scary,0.0,0.0,0.0,1.0,0.0,0.0,0.0,0.0,0.0 0.0 0.0 1.0 0.0 0.0 0.0 0.0
novelty,0.0,0.0,0.0,0.0,0.0,0.0,1.0,0.0,0.0 0.0 0.0 0.0 0.0 0.0 1.0 0.0
seasonal,0.0,1.0,0.0,0.0,0.0,0.0,0.0,0.0,0.0 1.0 0.0 0.0 0.0 0.0 0.0 0.0
ambitious,0.0,1.0,0.0,0.0,0.0,0.0,0.0,0.0,0.0 1.0 0.0 0.0 0.0 0.0 0.0 0.0
angst-ridden,1.0,0.0,0.0,0.0,0.0,1.0,0.0,0.0,1.0 0.0 0.0 0.0 0.0 1.0 0.0 0.0
brash,1.0,0.0,0.0,0.0,0.0,0.0,0.0,0.0,1.0 0.0 0.0 0.0 0.0 0.0 0.0 0.0
brooding,0.0,0.0,0.0,0.0,0.0,1.0,0.0,0.0,0.0 0.0 0.0 0.0 0.0 1.0 0.0 0.0
confident,0.0,0.0,0.0,0.0,1.0,0.0,0.0,1.0,0.0 0.0 0.0 0.0 1.0 0.0 0.0 1.0
dramatic,0.0,0.0,0.0,0.0,0.0,1.0,0.0,0.0,0.0 0.0 0.0 0.0 0.0 1.0 0.0 0.0
fractured,0.0,0.0,0.0,1.0,0.0,1.0,0.0,0.0,0.0 0.0 0.0 1.0 0.0 1.0 0.0 0.0
gutsy,0.0,0.0,0.0,1.0,0.0,0.0,0.0,0.0,0.0 0.0 0.0 1.0 0.0 0.0 0.0 0.0
indulgent,1.0,0.0,0.0,0.0,0.0,0.0,0.0,0.0,1.0 0.0 0.0 0.0 0.0 0.0 0.0 0.0
intense,1.0,0.0,1.0,1.0,1.0,0.0,1.0,1.0,1.0 0.0 1.0 1.0 1.0 0.0 1.0 1.0
late night,0.0,1.0,0.0,0.0,0.0,0.0,0.0,0.0,0.0 1.0 0.0 0.0 0.0 0.0 0.0 0.0
reflective,0.0,0.0,0.0,0.0,1.0,0.0,0.0,0.0,0.0 0.0 0.0 0.0 1.0 0.0 0.0 0.0
searching,0.0,1.0,0.0,0.0,1.0,0.0,1.0,1.0,0.0 1.0 0.0 0.0 1.0 0.0 1.0 1.0
wistful,0.0,0.0,0.0,1.0,0.0,1.0,0.0,0.0,0.0 0.0 0.0 1.0 0.0 1.0 0.0 0.0
yearning,0.0,1.0,0.0,0.0,1.0,0.0,0.0,1.0,0.0 1.0 0.0 0.0 1.0 0.0 0.0 1.0
boisterous,1.0,1.0,0.0,0.0,1.0,0.0,0.0,0.0,1.0 1.0 0.0 0.0 1.0 0.0 0.0 0.0
celebration,0.0,1.0,0.0,0.0,1.0,0.0,1.0,1.0,0.0 1.0 0.0 0.0 1.0 0.0 1.0 1.0
gritty,0.0,0.0,1.0,0.0,0.0,0.0,0.0,0.0,0.0 0.0 1.0 0.0 0.0 0.0 0.0 0.0
politics,1.0,0.0,0.0,0.0,0.0,0.0,0.0,0.0,1.0 0.0 0.0 0.0 0.0 0.0 0.0 0.0
society,0.0,0.0,0.0,0.0,0.0,0.0,0.0,1.0,0.0 0.0 0.0 0.0 0.0 0.0 0.0 1.0
rousing,0.0,0.0,0.0,0.0,1.0,0.0,0.0,0.0,0.0 0.0 0.0 0.0 1.0 0.0 0.0 0.0
school,0.0,0.0,0.0,0.0,0.0,0.0,0.0,1.0,0.0 0.0 0.0 0.0 0.0 0.0 0.0 1.0
visceral,0.0,0.0,1.0,0.0,0.0,0.0,0.0,0.0,0.0 0.0 1.0 0.0 0.0 0.0 0.0 0.0
comfort,0.0,1.0,0.0,0.0,1.0,0.0,0.0,1.0,0.0 1.0 0.0 0.0 1.0 0.0 0.0 1.0
reflection,0.0,0.0,0.0,0.0,1.0,0.0,0.0,0.0,0.0 0.0 0.0 0.0 1.0 0.0 0.0 0.0
sexy,0.0,0.0,0.0,0.0,1.0,0.0,0.0,0.0,0.0 0.0 0.0 0.0 1.0 0.0 0.0 0.0
sweet,0.0,1.0,0.0,0.0,1.0,0.0,1.0,1.0,0.0 1.0 0.0 0.0 1.0 0.0 1.0 1.0
affection,0.0,0.0,0.0,0.0,1.0,0.0,0.0,1.0,0.0 0.0 0.0 0.0 1.0 0.0 0.0 1.0
fondness,0.0,0.0,0.0,0.0,1.0,0.0,0.0,0.0,0.0 0.0 0.0 0.0 1.0 0.0 0.0 0.0
innocent,0.0,0.0,0.0,0.0,0.0,0.0,0.0,1.0,0.0 0.0 0.0 0.0 0.0 0.0 0.0 1.0
new love,0.0,0.0,0.0,0.0,1.0,0.0,0.0,0.0,0.0 0.0 0.0 0.0 1.0 0.0 0.0 0.0
romantic evening,0.0,1.0,0.0,0.0,1.0,0.0,0.0,1.0,0.0 1.0 0.0 0.0 1.0 0.0 0.0 1.0
loss,1.0,0.0,0.0,1.0,0.0,1.0,0.0,0.0,1.0 0.0 0.0 1.0 0.0 1.0 0.0 0.0
grief,0.0,0.0,0.0,0.0,0.0,1.0,0.0,0.0,0.0 0.0 0.0 0.0 0.0 1.0 0.0 0.0
eerie,0.0,0.0,0.0,1.0,0.0,0.0,0.0,0.0,0.0 0.0 0.0 1.0 0.0 0.0 0.0 0.0
enigmatic,0.0,0.0,0.0,1.0,0.0,0.0,0.0,0.0,0.0 0.0 0.0 1.0 0.0 0.0 0.0 0.0
solitude,0.0,0.0,0.0,1.0,0.0,1.0,0.0,0.0,0.0 0.0 0.0 1.0 0.0 1.0 0.0 0.0
sparkling,0.0,0.0,0.0,0.0,1.0,0.0,0.0,0.0,0.0 0.0 0.0 0.0 1.0 0.0 0.0 0.0
sex,0.0,1.0,0.0,0.0,1.0,0.0,0.0,1.0,0.0 1.0 0.0 0.0 1.0 0.0 0.0 1.0
empowerment,0.0,0.0,0.0,0.0,0.0,0.0,0.0,1.0,0.0 0.0 0.0 0.0 0.0 0.0 0.0 1.0
music,0.0,0.0,0.0,0.0,1.0,1.0,0.0,0.0,0.0 0.0 0.0 0.0 1.0 1.0 0.0 0.0
gloomy,0.0,0.0,0.0,0.0,0.0,1.0,0.0,0.0,0.0 0.0 0.0 0.0 0.0 1.0 0.0 0.0
melancholy,0.0,0.0,0.0,0.0,0.0,1.0,0.0,0.0,0.0 0.0 0.0 0.0 0.0 1.0 0.0 0.0
carefree,0.0,0.0,0.0,0.0,1.0,0.0,0.0,0.0,0.0 0.0 0.0 0.0 1.0 0.0 0.0 0.0
picnic,0.0,1.0,0.0,0.0,1.0,0.0,1.0,1.0,0.0 1.0 0.0 0.0 1.0 0.0 1.0 1.0
pool party,0.0,1.0,0.0,0.0,1.0,0.0,0.0,0.0,0.0 1.0 0.0 0.0 1.0 0.0 0.0 0.0
confrontational,1.0,0.0,0.0,1.0,0.0,0.0,0.0,0.0,1.0 0.0 0.0 1.0 0.0 0.0 0.0 0.0
jealousy,1.0,0.0,1.0,1.0,0.0,1.0,0.0,0.0,1.0 0.0 1.0 1.0 0.0 1.0 0.0 0.0
restrained,0.0,0.0,0.0,1.0,0.0,0.0,0.0,0.0,0.0 0.0 0.0 1.0 0.0 0.0 0.0 0.0
celebratory,0.0,1.0,0.0,0.0,1.0,0.0,0.0,0.0,0.0 1.0 0.0 0.0 1.0 0.0 0.0 0.0
rollicking,0.0,0.0,0.0,0.0,1.0,0.0,0.0,0.0,0.0 0.0 0.0 0.0 1.0 0.0 0.0 0.0
plaintive,0.0,0.0,0.0,0.0,0.0,1.0,0.0,0.0,0.0 0.0 0.0 0.0 0.0 1.0 0.0 0.0
poignant,1.0,0.0,0.0,0.0,0.0,0.0,0.0,0.0,1.0 0.0 0.0 0.0 0.0 0.0 0.0 0.0
quiet,0.0,0.0,0.0,0.0,0.0,1.0,0.0,0.0,0.0 0.0 0.0 0.0 0.0 1.0 0.0 0.0
rambunctious,1.0,0.0,0.0,0.0,0.0,0.0,0.0,0.0,1.0 0.0 0.0 0.0 0.0 0.0 0.0 0.0
background music,0.0,0.0,0.0,0.0,1.0,1.0,0.0,0.0,0.0 0.0 0.0 0.0 1.0 1.0 0.0 0.0
urgent,0.0,1.0,0.0,1.0,0.0,0.0,1.0,0.0,0.0 1.0 0.0 1.0 0.0 0.0 1.0 0.0
freedom,0.0,0.0,0.0,0.0,1.0,0.0,0.0,1.0,0.0 0.0 0.0 0.0 1.0 0.0 0.0 1.0
springlike,0.0,0.0,0.0,0.0,0.0,0.0,0.0,1.0,0.0 0.0 0.0 0.0 0.0 0.0 0.0 1.0
bleak,0.0,0.0,0.0,0.0,0.0,1.0,0.0,0.0,0.0 0.0 0.0 0.0 0.0 1.0 0.0 0.0
harsh,1.0,0.0,0.0,1.0,0.0,0.0,0.0,0.0,1.0 0.0 0.0 1.0 0.0 0.0 0.0 0.0
menacing,1.0,0.0,0.0,1.0,0.0,0.0,0.0,0.0,1.0 0.0 0.0 1.0 0.0 0.0 0.0 0.0
provocative,1.0,0.0,0.0,0.0,0.0,0.0,0.0,0.0,1.0 0.0 0.0 0.0 0.0 0.0 0.0 0.0
scary music,0.0,0.0,0.0,1.0,0.0,0.0,0.0,0.0,0.0 0.0 0.0 1.0 0.0 0.0 0.0 0.0
tough,0.0,0.0,0.0,0.0,0.0,1.0,0.0,0.0,0.0 0.0 0.0 0.0 0.0 1.0 0.0 0.0
witty,0.0,0.0,0.0,0.0,1.0,0.0,0.0,0.0,0.0 0.0 0.0 0.0 1.0 0.0 0.0 0.0
greasy,0.0,0.0,1.0,0.0,0.0,0.0,0.0,0.0,0.0 0.0 1.0 0.0 0.0 0.0 0.0 0.0
christmas party,0.0,1.0,0.0,0.0,1.0,0.0,0.0,0.0,0.0 1.0 0.0 0.0 1.0 0.0 0.0 0.0
elaborate,0.0,0.0,0.0,0.0,0.0,0.0,0.0,1.0,0.0 0.0 0.0 0.0 0.0 0.0 0.0 1.0
holidays,0.0,1.0,0.0,0.0,1.0,0.0,0.0,0.0,0.0 1.0 0.0 0.0 1.0 0.0 0.0 0.0
nostalgic,0.0,0.0,0.0,0.0,1.0,0.0,0.0,0.0,0.0 0.0 0.0 0.0 1.0 0.0 0.0 0.0
hostile,1.0,0.0,1.0,1.0,0.0,0.0,0.0,0.0,1.0 0.0 1.0 1.0 0.0 0.0 0.0 0.0
regret,0.0,0.0,0.0,0.0,0.0,1.0,0.0,0.0,0.0 0.0 0.0 0.0 0.0 1.0 0.0 0.0
clinical,0.0,0.0,0.0,0.0,0.0,0.0,0.0,1.0,0.0 0.0 0.0 0.0 0.0 0.0 0.0 1.0
difficult,0.0,0.0,0.0,1.0,0.0,0.0,0.0,0.0,0.0 0.0 0.0 1.0 0.0 0.0 0.0 0.0
revolution,1.0,1.0,0.0,1.0,0.0,1.0,1.0,0.0,1.0 1.0 0.0 1.0 0.0 1.0 1.0 0.0
weary,0.0,0.0,0.0,0.0,0.0,1.0,0.0,0.0,0.0 0.0 0.0 0.0 0.0 1.0 0.0 0.0
grim,1.0,1.0,1.0,1.0,0.0,1.0,0.0,0.0,1.0 1.0 1.0 1.0 0.0 1.0 0.0 0.0
nervous,0.0,1.0,0.0,1.0,0.0,0.0,0.0,0.0,0.0 1.0 0.0 1.0 0.0 0.0 0.0 0.0
jittery,0.0,0.0,0.0,1.0,0.0,0.0,0.0,0.0,0.0 0.0 0.0 1.0 0.0 0.0 0.0 0.0
reverent,0.0,0.0,0.0,0.0,1.0,0.0,0.0,1.0,0.0 0.0 0.0 0.0 1.0 0.0 0.0 1.0
the great outdoors,0.0,1.0,0.0,0.0,0.0,0.0,0.0,0.0,0.0 1.0 0.0 0.0 0.0 0.0 0.0 0.0
precious,0.0,1.0,0.0,0.0,1.0,0.0,1.0,0.0,0.0 1.0 0.0 0.0 1.0 0.0 1.0 0.0
malevolent,1.0,0.0,1.0,1.0,0.0,1.0,0.0,0.0,1.0 0.0 1.0 1.0 0.0 1.0 0.0 0.0
outrageous,0.0,0.0,0.0,0.0,0.0,0.0,1.0,0.0,0.0 0.0 0.0 0.0 0.0 0.0 1.0 0.0
small gathering,0.0,1.0,0.0,0.0,1.0,0.0,1.0,1.0,0.0 1.0 0.0 0.0 1.0 0.0 1.0 1.0
outraged,1.0,0.0,1.0,0.0,0.0,0.0,0.0,0.0,1.0 0.0 1.0 0.0 0.0 0.0 0.0 0.0
acerbic,0.0,0.0,0.0,0.0,0.0,1.0,0.0,0.0,0.0 0.0 0.0 0.0 0.0 1.0 0.0 0.0
gleeful,0.0,0.0,0.0,0.0,1.0,0.0,0.0,0.0,0.0 0.0 0.0 0.0 1.0 0.0 0.0 0.0
austere,0.0,0.0,0.0,1.0,0.0,1.0,0.0,0.0,0.0 0.0 0.0 1.0 0.0 1.0 0.0 0.0
illness,0.0,0.0,0.0,1.0,0.0,1.0,0.0,0.0,0.0 0.0 0.0 1.0 0.0 1.0 0.0 0.0
self-conscious,0.0,0.0,0.0,1.0,0.0,0.0,0.0,0.0,0.0 0.0 0.0 1.0 0.0 0.0 0.0 0.0
giddy,0.0,0.0,0.0,0.0,1.0,0.0,0.0,0.0,0.0 0.0 0.0 0.0 1.0 0.0 0.0 0.0
family gatherings,0.0,1.0,0.0,0.0,1.0,0.0,1.0,0.0,0.0 1.0 0.0 0.0 1.0 0.0 1.0 0.0
unsettling,0.0,0.0,0.0,1.0,0.0,1.0,0.0,0.0,0.0 0.0 0.0 1.0 0.0 1.0 0.0 0.0
hungry,0.0,1.0,0.0,0.0,0.0,0.0,0.0,0.0,0.0 1.0 0.0 0.0 0.0 0.0 0.0 0.0
reunion,0.0,1.0,0.0,0.0,0.0,0.0,0.0,1.0,0.0 1.0 0.0 0.0 0.0 0.0 0.0 1.0
whimsical,0.0,0.0,0.0,0.0,1.0,0.0,0.0,0.0,0.0 0.0 0.0 0.0 1.0 0.0 0.0 0.0
ramshackle,0.0,0.0,0.0,1.0,0.0,1.0,0.0,0.0,0.0 0.0 0.0 1.0 0.0 1.0 0.0 0.0
adventure,0.0,1.0,0.0,0.0,0.0,0.0,0.0,0.0,0.0 1.0 0.0 0.0 0.0 0.0 0.0 0.0
open road,0.0,0.0,0.0,0.0,0.0,0.0,0.0,1.0,0.0 0.0 0.0 0.0 0.0 0.0 0.0 1.0
anguished,0.0,0.0,0.0,1.0,0.0,1.0,0.0,0.0,0.0 0.0 0.0 1.0 0.0 1.0 0.0 0.0
distraught,0.0,0.0,0.0,0.0,0.0,1.0,0.0,0.0,0.0 0.0 0.0 0.0 0.0 1.0 0.0 0.0
anger,1.0,0.0,0.0,0.0,0.0,0.0,0.0,0.0,1.0 0.0 0.0 0.0 0.0 0.0 0.0 0.0
hostility,1.0,0.0,1.0,0.0,0.0,0.0,0.0,0.0,1.0 0.0 1.0 0.0 0.0 0.0 0.0 0.0
thoughtful,0.0,0.0,0.0,0.0,0.0,0.0,0.0,1.0,0.0 0.0 0.0 0.0 0.0 0.0 0.0 1.0
divorce,1.0,0.0,1.0,1.0,0.0,1.0,1.0,1.0,1.0 0.0 1.0 1.0 0.0 1.0 1.0 1.0
suffocating,0.0,0.0,1.0,1.0,0.0,1.0,0.0,0.0,0.0 0.0 1.0 1.0 0.0 1.0 0.0 0.0
silly,0.0,0.0,0.0,0.0,1.0,0.0,0.0,0.0,0.0 0.0 0.0 0.0 1.0 0.0 0.0 0.0
anniversary,0.0,1.0,0.0,0.0,1.0,0.0,0.0,0.0,0.0 1.0 0.0 0.0 1.0 0.0 0.0 0.0
messy,0.0,0.0,1.0,0.0,0.0,0.0,0.0,0.0,0.0 0.0 1.0 0.0 0.0 0.0 0.0 0.0
pastoral,0.0,0.0,0.0,0.0,0.0,0.0,0.0,1.0,0.0 0.0 0.0 0.0 0.0 0.0 0.0 1.0
conflict,1.0,0.0,0.0,1.0,0.0,1.0,0.0,0.0,1.0 0.0 0.0 1.0 0.0 1.0 0.0 0.0
at the beach,0.0,0.0,0.0,0.0,1.0,0.0,0.0,0.0,0.0 0.0 0.0 0.0 1.0 0.0 0.0 0.0
monday morning,0.0,1.0,0.0,0.0,0.0,0.0,0.0,0.0,0.0 1.0 0.0 0.0 0.0 0.0 0.0 0.0
friendship,0.0,0.0,0.0,0.0,1.0,0.0,0.0,1.0,0.0 0.0 0.0 0.0 1.0 0.0 0.0 1.0
ecstatic,0.0,1.0,0.0,0.0,1.0,0.0,1.0,0.0,0.0 1.0 0.0 0.0 1.0 0.0 1.0 0.0
wedding,0.0,1.0,0.0,0.0,1.0,0.0,0.0,1.0,0.0 1.0 0.0 0.0 1.0 0.0 0.0 1.0
early morning,0.0,1.0,0.0,0.0,0.0,0.0,0.0,0.0,0.0 1.0 0.0 0.0 0.0 0.0 0.0 0.0
passion,0.0,1.0,0.0,0.0,1.0,0.0,0.0,1.0,0.0 1.0 0.0 0.0 1.0 0.0 0.0 1.0
threatening,1.0,0.0,1.0,1.0,0.0,0.0,0.0,0.0,1.0 0.0 1.0 1.0 0.0 0.0 0.0 0.0
prom,0.0,1.0,0.0,0.0,1.0,0.0,1.0,0.0,0.0 1.0 0.0 0.0 1.0 0.0 1.0 0.0
vacation,0.0,1.0,0.0,0.0,1.0,0.0,0.0,0.0,0.0 1.0 0.0 0.0 1.0 0.0 0.0 0.0
graduation,0.0,1.0,0.0,1.0,1.0,0.0,1.0,1.0,0.0 1.0 0.0 1.0 1.0 0.0 1.0 1.0
euphoric,0.0,0.0,0.0,0.0,1.0,0.0,0.0,0.0,0.0 0.0 0.0 0.0 1.0 0.0 0.0 0.0
healing,0.0,1.0,0.0,0.0,1.0,0.0,0.0,1.0,0.0 1.0 0.0 0.0 1.0 0.0 0.0 1.0
cars,0.0,0.0,0.0,0.0,1.0,0.0,0.0,1.0,0.0 0.0 0.0 0.0 1.0 0.0 0.0 1.0
regretful,0.0,0.0,0.0,0.0,0.0,1.0,0.0,0.0,0.0 0.0 0.0 0.0 0.0 1.0 0.0 0.0
pain,0.0,0.0,0.0,1.0,0.0,1.0,0.0,0.0,0.0 0.0 0.0 1.0 0.0 1.0 0.0 0.0
hyper,0.0,0.0,0.0,1.0,0.0,0.0,1.0,0.0,0.0 0.0 0.0 1.0 0.0 0.0 1.0 0.0
romance,0.0,1.0,0.0,1.0,1.0,1.0,1.0,1.0,0.0 1.0 0.0 1.0 1.0 1.0 1.0 1.0
tender,0.0,0.0,0.0,0.0,1.0,0.0,0.0,1.0,0.0 0.0 0.0 0.0 1.0 0.0 0.0 1.0
zeitgeist,0.0,1.0,0.0,0.0,1.0,0.0,0.0,1.0,0.0 1.0 0.0 0.0 1.0 0.0 0.0 1.0
